window,task,label,pred,error,baseline_neg_margin,boundary,tile_phase,top1_prob,label_quantile_in_window,other_patches_mean_boundary
spatial_split\task_055ad16b-3997-460b-a185-a9a68239f82e_point_10,spatial_split\task_055ad16b-3997-460b-a185-a9a68239f82e,2,4,1,-0.35130,0.875,0.29540,0.5655,0.960,0.383
spatial_split\task_055ad16b-3997-460b-a185-a9a68239f82e_point_12,spatial_split\task_055ad16b-3997-460b-a185-a9a68239f82e,0,2,1,-0.28088,0.000,0.32313,0.5697,0.294,0.143
spatial_split\task_055ad16b-3997-460b-a185-a9a68239f82e_point_19,spatial_split\task_055ad16b-3997-460b-a185-a9a68239f82e,0,0,0,-4.55371,0.750,0.01331,0.9895,0.921,0.270
spatial_split\task_055ad16b-3997-460b-a185-a9a68239f82e_point_2,spatial_split\task_055ad16b-3997-460b-a185-a9a68239f82e,5,5,0,-2.56115,0.125,0.22210,0.9283,0.405,0.264
spatial_split\task_055ad16b-3997-460b-a185-a9a68239f82e_point_20,spatial_split\task_055ad16b-3997-460b-a185-a9a68239f82e,2,2,0,-6.71050,0.000,0.00209,0.9980,0.500,0.000
spatial_split\task_055ad16b-3997-460b-a185-a9a68239f82e_point_21,spatial_split\task_055ad16b-3997-460b-a185-a9a68239f82e,4,4,0,-2.46961,0.000,0.29157,0.8722,0.325,0.107
spatial_split\task_055ad16b-3997-460b-a185-a9a68239f82e_point_23,spatial_split\task_055ad16b-3997-460b-a185-a9a68239f82e,2,2,0,-6.06234,0.000,0.00234,0.9973,0.325,0.083
spatial_split\task_055ad16b-3997-460b-a185-a9a68239f82e_point_26,spatial_split\task_055ad16b-3997-460b-a185-a9a68239f82e,8,8,0,-21.84906,0.000,0.00000,1.0000,0.095,0.417
spatial_split\task_055ad16b-3997-460b-a185-a9a68239f82e_point_28,spatial_split\task_055ad16b-3997-460b-a185-a9a68239f82e,2,2,0,-5.30109,0.000,0.00339,0.9949,0.278,0.167
spatial_split\task_055ad16b-3997-460b-a185-a9a68239f82e_point_29,spatial_split\task_055ad16b-3997-460b-a185-a9a68239f82e,0,0,0,-8.40645,0.125,0.00053,0.9998,0.270,0.304
spatial_split\task_055ad16b-3997-460b-a185-a9a68239f82e_point_3,spatial_split\task_055ad16b-3997-460b-a185-a9a68239f82e,0,0,0,-6.82964,0.000,0.00757,0.9989,0.032,0.468
spatial_split\task_055ad16b-3997-460b-a185-a9a68239f82e_point_6,spatial_split\task_055ad16b-3997-460b-a185-a9a68239f82e,0,2,1,-2.11696,0.000,0.08268,0.8923,0.175,0.202
spatial_split\task_055ad16b-3997-460b-a185-a9a68239f82e_point_8,spatial_split\task_055ad16b-3997-460b-a185-a9a68239f82e,4,4,0,-2.74493,0.125,0.46717,0.9131,0.357,0.248
spatial_split\task_17f1e062-6db2-427b-ae38-87a6d575731f_point_10,spatial_split\task_17f1e062-6db2-427b-ae38-87a6d575731f,2,2,0,-12.11059,0.250,0.00089,1.0000,0.556,0.286
spatial_split\task_17f1e062-6db2-427b-ae38-87a6d575731f_point_22,spatial_split\task_17f1e062-6db2-427b-ae38-87a6d575731f,4,4,0,-6.82830,0.000,0.00585,0.9988,0.095,0.306
spatial_split\task_17f1e062-6db2-427b-ae38-87a6d575731f_point_23,spatial_split\task_17f1e062-6db2-427b-ae38-87a6d575731f,5,5,0,-7.57409,0.000,0.00048,0.9993,0.000,0.488
spatial_split\task_17f1e062-6db2-427b-ae38-87a6d575731f_point_29,spatial_split\task_17f1e062-6db2-427b-ae38-87a6d575731f,2,2,0,-8.46955,0.125,0.00041,0.9997,0.198,0.359
spatial_split\task_17f1e062-6db2-427b-ae38-87a6d575731f_point_30,spatial_split\task_17f1e062-6db2-427b-ae38-87a6d575731f,5,5,0,-13.32089,0.000,0.00003,1.0000,0.167,0.278
spatial_split\task_17f1e062-6db2-427b-ae38-87a6d575731f_point_33,spatial_split\task_17f1e062-6db2-427b-ae38-87a6d575731f,5,5,0,-2.52410,0.000,0.05990,0.9251,0.048,0.353
spatial_split\task_17f1e062-6db2-427b-ae38-87a6d575731f_point_35,spatial_split\task_17f1e062-6db2-427b-ae38-87a6d575731f,2,2,0,-9.19454,0.000,0.00928,0.9999,0.206,0.222
spatial_split\task_17f1e062-6db2-427b-ae38-87a6d575731f_point_39,spatial_split\task_17f1e062-6db2-427b-ae38-87a6d575731f,4,4,0,-3.93696,0.000,0.05685,0.9808,0.119,0.298
spatial_split\task_17f1e062-6db2-427b-ae38-87a6d575731f_point_40,spatial_split\task_17f1e062-6db2-427b-ae38-87a6d575731f,5,5,0,-9.77460,0.000,0.00003,0.9999,0.341,0.111
spatial_split\task_17f1e062-6db2-427b-ae38-87a6d575731f_point_45,spatial_split\task_17f1e062-6db2-427b-ae38-87a6d575731f,5,5,0,-15.35321,0.000,0.00000,1.0000,0.381,0.071
spatial_split\task_17f1e062-6db2-427b-ae38-87a6d575731f_point_47,spatial_split\task_17f1e062-6db2-427b-ae38-87a6d575731f,4,4,0,-5.44422,0.375,0.37201,0.9953,0.563,0.347
spatial_split\task_17f1e062-6db2-427b-ae38-87a6d575731f_point_48,spatial_split\task_17f1e062-6db2-427b-ae38-87a6d575731f,2,2,0,-4.84004,0.000,0.02101,0.9836,0.286,0.131
spatial_split\task_17f1e062-6db2-427b-ae38-87a6d575731f_point_8,spatial_split\task_17f1e062-6db2-427b-ae38-87a6d575731f,2,2,0,-7.04883,0.000,0.00060,0.9990,0.230,0.246
spatial_split\task_17f1e062-6db2-427b-ae38-87a6d575731f_point_9,spatial_split\task_17f1e062-6db2-427b-ae38-87a6d575731f,5,5,0,-7.93781,0.125,0.00028,0.9996,0.349,0.276
spatial_split\task_1a29e215-eb34-46cd-bd56-981abce579e7_point_0,spatial_split\task_1a29e215-eb34-46cd-bd56-981abce579e7,8,8,0,-20.55294,0.125,0.00001,1.0000,0.206,0.403
spatial_split\task_1a29e215-eb34-46cd-bd56-981abce579e7_point_10,spatial_split\task_1a29e215-eb34-46cd-bd56-981abce579e7,6,5,1,-5.75767,0.250,0.15469,0.9969,0.825,0.155
spatial_split\task_1a29e215-eb34-46cd-bd56-981abce579e7_point_11,spatial_split\task_1a29e215-eb34-46cd-bd56-981abce579e7,8,8,0,-9.80216,0.375,0.00309,0.9999,0.500,0.442
spatial_split\task_1a29e215-eb34-46cd-bd56-981abce579e7_point_13,spatial_split\task_1a29e215-eb34-46cd-bd56-981abce579e7,8,8,0,-6.10269,0.250,0.00173,0.9978,0.294,0.393
spatial_split\task_1a29e215-eb34-46cd-bd56-981abce579e7_point_16,spatial_split\task_1a29e215-eb34-46cd-bd56-981abce579e7,8,8,0,-9.35656,0.375,0.01327,0.9999,0.492,0.415
spatial_split\task_1a29e215-eb34-46cd-bd56-981abce579e7_point_17,spatial_split\task_1a29e215-eb34-46cd-bd56-981abce579e7,8,8,0,-11.61783,0.125,0.00002,1.0000,0.484,0.228
spatial_split\task_1a29e215-eb34-46cd-bd56-981abce579e7_point_18,spatial_split\task_1a29e215-eb34-46cd-bd56-981abce579e7,8,8,0,-21.26688,0.125,0.00004,1.0000,0.127,0.391
spatial_split\task_1a29e215-eb34-46cd-bd56-981abce579e7_point_2,spatial_split\task_1a29e215-eb34-46cd-bd56-981abce579e7,8,8,0,-13.91402,0.000,0.00000,1.0000,0.151,0.290
spatial_split\task_1a29e215-eb34-46cd-bd56-981abce579e7_point_22,spatial_split\task_1a29e215-eb34-46cd-bd56-981abce579e7,8,5,1,-0.69157,0.500,0.39550,0.6656,0.437,0.552
spatial_split\task_1a29e215-eb34-46cd-bd56-981abce579e7_point_26,spatial_split\task_1a29e215-eb34-46cd-bd56-981abce579e7,1,1,0,-2.42808,0.375,0.42704,0.8905,0.421,0.454
spatial_split\task_1a29e215-eb34-46cd-bd56-981abce579e7_point_28,spatial_split\task_1a29e215-eb34-46cd-bd56-981abce579e7,8,8,0,-17.25783,0.125,0.00014,1.0000,0.214,0.387
spatial_split\task_1a29e215-eb34-46cd-bd56-981abce579e7_point_3,spatial_split\task_1a29e215-eb34-46cd-bd56-981abce579e7,8,8,0,-10.79333,0.125,0.00002,1.0000,0.246,0.423
spatial_split\task_1a29e215-eb34-46cd-bd56-981abce579e7_point_4,spatial_split\task_1a29e215-eb34-46cd-bd56-981abce579e7,8,8,0,-22.42691,0.125,0.00000,1.0000,0.254,0.379
spatial_split\task_1a29e215-eb34-46cd-bd56-981abce579e7_point_7,spatial_split\task_1a29e215-eb34-46cd-bd56-981abce579e7,6,5,1,-5.42415,0.000,0.00329,0.9956,0.500,0.000
spatial_split\task_20546e37-3fce-46aa-9aa0-54ce34cad031_point_17,spatial_split\task_20546e37-3fce-46aa-9aa0-54ce34cad031,4,4,0,-6.79535,0.000,0.08460,0.9986,0.452,0.028
spatial_split\task_20546e37-3fce-46aa-9aa0-54ce34cad031_point_21,spatial_split\task_20546e37-3fce-46aa-9aa0-54ce34cad031,4,3,1,-3.23747,0.375,0.08135,0.9361,0.508,0.355
spatial_split\task_20546e37-3fce-46aa-9aa0-54ce34cad031_point_3,spatial_split\task_20546e37-3fce-46aa-9aa0-54ce34cad031,4,3,1,-3.49800,0.875,0.45952,0.9645,0.921,0.435
spatial_split\task_20546e37-3fce-46aa-9aa0-54ce34cad031_point_30,spatial_split\task_20546e37-3fce-46aa-9aa0-54ce34cad031,4,4,0,-7.61327,0.000,0.00038,0.9995,0.500,0.000
spatial_split\task_20546e37-3fce-46aa-9aa0-54ce34cad031_point_8,spatial_split\task_20546e37-3fce-46aa-9aa0-54ce34cad031,0,0,0,-0.43926,0.750,0.42102,0.5480,0.817,0.516
spatial_split\task_21f02234-a1c8-48f4-8c31-a80fab5dce97_point_11,spatial_split\task_21f02234-a1c8-48f4-8c31-a80fab5dce97,4,4,0,-9.33686,0.000,0.00081,0.9999,0.500,0.000
spatial_split\task_21f02234-a1c8-48f4-8c31-a80fab5dce97_point_19,spatial_split\task_21f02234-a1c8-48f4-8c31-a80fab5dce97,4,4,0,-1.48628,0.000,0.13942,0.8155,0.500,0.000
spatial_split\task_21f02234-a1c8-48f4-8c31-a80fab5dce97_point_2,spatial_split\task_21f02234-a1c8-48f4-8c31-a80fab5dce97,2,0,1,-1.37381,1.000,0.59777,0.5968,0.992,0.234
spatial_split\task_21f02234-a1c8-48f4-8c31-a80fab5dce97_point_3,spatial_split\task_21f02234-a1c8-48f4-8c31-a80fab5dce97,4,4,0,-14.93062,0.000,0.00001,1.0000,0.437,0.040
spatial_split\task_25c1929a-d8f4-4181-a070-acd40487e7bf_point_11,spatial_split\task_25c1929a-d8f4-4181-a070-acd40487e7bf,5,5,0,-10.37814,0.000,0.00217,1.0000,0.500,0.000
spatial_split\task_25c1929a-d8f4-4181-a070-acd40487e7bf_point_14,spatial_split\task_25c1929a-d8f4-4181-a070-acd40487e7bf,5,4,1,-3.73060,0.875,0.65252,0.9561,0.992,0.042
spatial_split\task_25c1929a-d8f4-4181-a070-acd40487e7bf_point_19,spatial_split\task_25c1929a-d8f4-4181-a070-acd40487e7bf,5,2,1,-3.05997,0.375,0.55800,0.9466,0.556,0.383
spatial_split\task_25c1929a-d8f4-4181-a070-acd40487e7bf_point_2,spatial_split\task_25c1929a-d8f4-4181-a070-acd40487e7bf,5,5,0,-16.26995,0.000,0.00000,1.0000,0.500,0.000
spatial_split\task_25c1929a-d8f4-4181-a070-acd40487e7bf_point_32,spatial_split\task_25c1929a-d8f4-4181-a070-acd40487e7bf,5,5,0,-4.98611,0.000,0.00614,0.9926,0.270,0.143
spatial_split\task_25c1929a-d8f4-4181-a070-acd40487e7bf_point_41,spatial_split\task_25c1929a-d8f4-4181-a070-acd40487e7bf,5,5,0,-8.99144,0.000,0.00019,0.9998,0.405,0.056
spatial_split\task_25c1929a-d8f4-4181-a070-acd40487e7bf_point_8,spatial_split\task_25c1929a-d8f4-4181-a070-acd40487e7bf,4,4,0,-3.27043,0.375,0.05413,0.9634,0.167,0.601
spatial_split\task_2b0bcdc8-eaa6-40a8-b939-6f9049d4e9df_point_14,spatial_split\task_2b0bcdc8-eaa6-40a8-b939-6f9049d4e9df,2,2,0,-6.70590,0.000,0.00096,0.9987,0.246,0.155
spatial_split\task_2b0bcdc8-eaa6-40a8-b939-6f9049d4e9df_point_20,spatial_split\task_2b0bcdc8-eaa6-40a8-b939-6f9049d4e9df,5,8,1,-1.01298,1.000,0.32579,0.7333,1.000,0.071
spatial_split\task_2b0bcdc8-eaa6-40a8-b939-6f9049d4e9df_point_6,spatial_split\task_2b0bcdc8-eaa6-40a8-b939-6f9049d4e9df,2,2,0,-11.08397,0.000,0.00002,1.0000,0.310,0.127
spatial_split\task_2b0bcdc8-eaa6-40a8-b939-6f9049d4e9df_point_7,spatial_split\task_2b0bcdc8-eaa6-40a8-b939-6f9049d4e9df,2,2,0,-8.95984,0.125,0.00041,0.9998,0.389,0.268
spatial_split\task_2b0bcdc8-eaa6-40a8-b939-6f9049d4e9df_point_8,spatial_split\task_2b0bcdc8-eaa6-40a8-b939-6f9049d4e9df,2,2,0,-12.97166,0.000,0.00000,1.0000,0.349,0.091
spatial_split\task_2cfe9626-32ec-4f11-8747-d23e3437676d_point_0,spatial_split\task_2cfe9626-32ec-4f11-8747-d23e3437676d,4,4,0,-5.50362,0.250,0.43514,0.9930,0.484,0.294
spatial_split\task_2cfe9626-32ec-4f11-8747-d23e3437676d_point_11,spatial_split\task_2cfe9626-32ec-4f11-8747-d23e3437676d,5,5,0,-9.97030,0.000,0.00004,1.0000,0.500,0.000
spatial_split\task_2cfe9626-32ec-4f11-8747-d23e3437676d_point_18,spatial_split\task_2cfe9626-32ec-4f11-8747-d23e3437676d,4,4,0,-10.32783,0.125,0.00008,1.0000,0.254,0.312
spatial_split\task_2cfe9626-32ec-4f11-8747-d23e3437676d_point_19,spatial_split\task_2cfe9626-32ec-4f11-8747-d23e3437676d,2,2,0,-7.73359,0.000,0.00035,0.9995,0.048,0.333
spatial_split\task_2cfe9626-32ec-4f11-8747-d23e3437676d_point_2,spatial_split\task_2cfe9626-32ec-4f11-8747-d23e3437676d,0,0,0,-2.90491,0.875,0.41702,0.9481,0.984,0.224
spatial_split\task_2cfe9626-32ec-4f11-8747-d23e3437676d_point_20,spatial_split\task_2cfe9626-32ec-4f11-8747-d23e3437676d,2,2,0,-4.60327,0.000,0.34968,0.9900,0.159,0.254
spatial_split\task_2cfe9626-32ec-4f11-8747-d23e3437676d_point_22,spatial_split\task_2cfe9626-32ec-4f11-8747-d23e3437676d,2,2,0,-8.45919,0.000,0.00048,0.9998,0.183,0.250
spatial_split\task_2cfe9626-32ec-4f11-8747-d23e3437676d_point_23,spatial_split\task_2cfe9626-32ec-4f11-8747-d23e3437676d,4,4,0,-7.28821,0.375,0.42908,0.9990,0.484,0.391
spatial_split\task_2cfe9626-32ec-4f11-8747-d23e3437676d_point_25,spatial_split\task_2cfe9626-32ec-4f11-8747-d23e3437676d,0,2,1,-0.63770,0.250,0.27910,0.6530,0.238,0.464
spatial_split\task_2cfe9626-32ec-4f11-8747-d23e3437676d_point_28,spatial_split\task_2cfe9626-32ec-4f11-8747-d23e3437676d,2,2,0,-7.25280,0.250,0.00121,0.9984,0.516,0.274
spatial_split\task_2cfe9626-32ec-4f11-8747-d23e3437676d_point_29,spatial_split\task_2cfe9626-32ec-4f11-8747-d23e3437676d,2,2,0,-15.80376,0.000,0.00000,1.0000,0.254,0.159
spatial_split\task_2cfe9626-32ec-4f11-8747-d23e3437676d_point_3,spatial_split\task_2cfe9626-32ec-4f11-8747-d23e3437676d,2,2,0,-8.40595,0.000,0.00993,0.9997,0.079,0.302
spatial_split\task_2cfe9626-32ec-4f11-8747-d23e3437676d_point_31,spatial_split\task_2cfe9626-32ec-4f11-8747-d23e3437676d,2,2,0,-8.02789,0.000,0.11009,0.9997,0.183,0.214
spatial_split\task_2cfe9626-32ec-4f11-8747-d23e3437676d_point_32,spatial_split\task_2cfe9626-32ec-4f11-8747-d23e3437676d,2,2,0,-9.72254,0.125,0.01694,0.9999,0.278,0.284
spatial_split\task_2cfe9626-32ec-4f11-8747-d23e3437676d_point_33,spatial_split\task_2cfe9626-32ec-4f11-8747-d23e3437676d,2,2,0,-15.11916,0.000,0.00010,1.0000,0.349,0.103
spatial_split\task_2cfe9626-32ec-4f11-8747-d23e3437676d_point_37,spatial_split\task_2cfe9626-32ec-4f11-8747-d23e3437676d,4,4,0,-2.71583,0.375,0.33676,0.9355,0.500,0.379
spatial_split\task_2cfe9626-32ec-4f11-8747-d23e3437676d_point_38,spatial_split\task_2cfe9626-32ec-4f11-8747-d23e3437676d,2,2,0,-6.43814,0.250,0.40801,0.9980,0.778,0.171
spatial_split\task_2cfe9626-32ec-4f11-8747-d23e3437676d_point_39,spatial_split\task_2cfe9626-32ec-4f11-8747-d23e3437676d,4,4,0,-4.42845,0.500,0.12340,0.9872,0.770,0.345
spatial_split\task_2cfe9626-32ec-4f11-8747-d23e3437676d_point_4,spatial_split\task_2cfe9626-32ec-4f11-8747-d23e3437676d,5,5,0,-6.80660,0.000,0.00082,0.9989,0.381,0.063
spatial_split\task_2cfe9626-32ec-4f11-8747-d23e3437676d_point_41,spatial_split\task_2cfe9626-32ec-4f11-8747-d23e3437676d,0,0,0,-1.09384,1.000,0.37417,0.7491,1.000,0.143
spatial_split\task_2cfe9626-32ec-4f11-8747-d23e3437676d_point_46,spatial_split\task_2cfe9626-32ec-4f11-8747-d23e3437676d,4,4,0,-4.65341,0.125,0.01093,0.9905,0.603,0.157
spatial_split\task_2cfe9626-32ec-4f11-8747-d23e3437676d_point_51,spatial_split\task_2cfe9626-32ec-4f11-8747-d23e3437676d,2,2,0,-2.55595,0.000,0.05955,0.9231,0.175,0.222
spatial_split\task_2cfe9626-32ec-4f11-8747-d23e3437676d_point_53,spatial_split\task_2cfe9626-32ec-4f11-8747-d23e3437676d,2,2,0,-9.92899,0.125,0.00063,0.9999,0.087,0.458
spatial_split\task_2cfe9626-32ec-4f11-8747-d23e3437676d_point_54,spatial_split\task_2cfe9626-32ec-4f11-8747-d23e3437676d,2,2,0,-3.50610,0.250,0.02149,0.9709,0.698,0.202
spatial_split\task_2cfe9626-32ec-4f11-8747-d23e3437676d_point_56,spatial_split\task_2cfe9626-32ec-4f11-8747-d23e3437676d,2,2,0,-6.02717,0.000,0.00194,0.9975,0.175,0.222
spatial_split\task_2cfe9626-32ec-4f11-8747-d23e3437676d_point_60,spatial_split\task_2cfe9626-32ec-4f11-8747-d23e3437676d,2,2,0,-7.89202,0.125,0.06648,0.9995,0.302,0.292
spatial_split\task_2cfe9626-32ec-4f11-8747-d23e3437676d_point_61,spatial_split\task_2cfe9626-32ec-4f11-8747-d23e3437676d,4,4,0,-9.79928,0.000,0.00534,0.9999,0.095,0.286
spatial_split\task_2cfe9626-32ec-4f11-8747-d23e3437676d_point_63,spatial_split\task_2cfe9626-32ec-4f11-8747-d23e3437676d,2,4,1,-3.37940,0.750,0.44525,0.9671,0.937,0.202
spatial_split\task_2cfe9626-32ec-4f11-8747-d23e3437676d_point_65,spatial_split\task_2cfe9626-32ec-4f11-8747-d23e3437676d,4,4,0,-7.59410,0.000,0.00171,0.9995,0.095,0.306
spatial_split\task_2cfe9626-32ec-4f11-8747-d23e3437676d_point_66,spatial_split\task_2cfe9626-32ec-4f11-8747-d23e3437676d,2,2,0,-2.14567,0.750,0.40642,0.8781,0.921,0.421
spatial_split\task_2cfe9626-32ec-4f11-8747-d23e3437676d_point_67,spatial_split\task_2cfe9626-32ec-4f11-8747-d23e3437676d,2,2,0,-5.80341,0.000,0.00445,0.9967,0.103,0.266
spatial_split\task_2cfe9626-32ec-4f11-8747-d23e3437676d_point_7,spatial_split\task_2cfe9626-32ec-4f11-8747-d23e3437676d,2,2,0,-2.25529,0.125,0.41341,0.9046,0.278,0.304
spatial_split\task_2cfe9626-32ec-4f11-8747-d23e3437676d_point_70,spatial_split\task_2cfe9626-32ec-4f11-8747-d23e3437676d,2,2,0,-8.74791,0.250,0.22582,0.9998,0.524,0.246
spatial_split\task_2cfe9626-32ec-4f11-8747-d23e3437676d_point_71,spatial_split\task_2cfe9626-32ec-4f11-8747-d23e3437676d,2,2,0,-3.84335,0.250,0.01324,0.9790,0.571,0.286
spatial_split\task_2cfe9626-32ec-4f11-8747-d23e3437676d_point_74,spatial_split\task_2cfe9626-32ec-4f11-8747-d23e3437676d,4,4,0,-6.11813,0.375,0.28552,0.9978,0.722,0.248
spatial_split\task_2cfe9626-32ec-4f11-8747-d23e3437676d_point_75,spatial_split\task_2cfe9626-32ec-4f11-8747-d23e3437676d,2,4,1,-0.05755,0.500,0.38839,0.4853,0.841,0.246
spatial_split\task_2cfe9626-32ec-4f11-8747-d23e3437676d_point_81,spatial_split\task_2cfe9626-32ec-4f11-8747-d23e3437676d,4,4,0,-6.38684,0.375,0.00137,0.9983,0.786,0.192
spatial_split\task_2cfe9626-32ec-4f11-8747-d23e3437676d_point_82,spatial_split\task_2cfe9626-32ec-4f11-8747-d23e3437676d,2,2,0,-5.40868,0.125,0.13948,0.9955,0.413,0.232
spatial_split\task_2cfe9626-32ec-4f11-8747-d23e3437676d_point_85,spatial_split\task_2cfe9626-32ec-4f11-8747-d23e3437676d,2,2,0,-6.61652,0.125,0.11795,0.9987,0.246,0.312
spatial_split\task_2cfe9626-32ec-4f11-8747-d23e3437676d_point_87,spatial_split\task_2cfe9626-32ec-4f11-8747-d23e3437676d,2,2,0,-6.10318,0.000,0.00275,0.9965,0.190,0.246
spatial_split\task_344c1a79-17eb-4807-aa0f-912248dc1f80_point_15,spatial_split\task_344c1a79-17eb-4807-aa0f-912248dc1f80,0,2,1,-4.03037,0.375,0.03602,0.9825,0.587,0.367
spatial_split\task_344c1a79-17eb-4807-aa0f-912248dc1f80_point_16,spatial_split\task_344c1a79-17eb-4807-aa0f-912248dc1f80,4,8,1,-0.47472,0.625,0.55786,0.5786,0.786,0.431
spatial_split\task_344c1a79-17eb-4807-aa0f-912248dc1f80_point_19,spatial_split\task_344c1a79-17eb-4807-aa0f-912248dc1f80,2,2,0,-7.03492,0.000,0.00045,0.9991,0.452,0.028
spatial_split\task_344c1a79-17eb-4807-aa0f-912248dc1f80_point_2,spatial_split\task_344c1a79-17eb-4807-aa0f-912248dc1f80,4,2,1,-1.17939,0.500,0.47009,0.6757,0.841,0.238
spatial_split\task_344c1a79-17eb-4807-aa0f-912248dc1f80_point_34,spatial_split\task_344c1a79-17eb-4807-aa0f-912248dc1f80,8,8,0,-16.00299,0.000,0.00000,1.0000,0.437,0.048
spatial_split\task_344c1a79-17eb-4807-aa0f-912248dc1f80_point_40,spatial_split\task_344c1a79-17eb-4807-aa0f-912248dc1f80,8,8,0,-6.84190,0.125,0.01871,0.9977,0.698,0.133
spatial_split\task_344c1a79-17eb-4807-aa0f-912248dc1f80_point_47,spatial_split\task_344c1a79-17eb-4807-aa0f-912248dc1f80,2,2,0,-9.00025,0.000,0.00298,0.9999,0.437,0.040
spatial_split\task_344c1a79-17eb-4807-aa0f-912248dc1f80_point_48,spatial_split\task_344c1a79-17eb-4807-aa0f-912248dc1f80,2,2,0,-5.61510,0.500,0.39341,0.9963,0.746,0.337
spatial_split\task_344c1a79-17eb-4807-aa0f-912248dc1f80_point_5,spatial_split\task_344c1a79-17eb-4807-aa0f-912248dc1f80,2,2,0,-5.18225,0.000,0.00451,0.9944,0.452,0.028
spatial_split\task_344c1a79-17eb-4807-aa0f-912248dc1f80_point_53,spatial_split\task_344c1a79-17eb-4807-aa0f-912248dc1f80,6,6,0,-2.75667,0.000,0.04721,0.9402,0.397,0.060
spatial_split\task_344c1a79-17eb-4807-aa0f-912248dc1f80_point_54,spatial_split\task_344c1a79-17eb-4807-aa0f-912248dc1f80,4,4,0,-6.38822,0.000,0.01685,0.9976,0.206,0.234
spatial_split\task_344c1a79-17eb-4807-aa0f-912248dc1f80_point_6,spatial_split\task_344c1a79-17eb-4807-aa0f-912248dc1f80,2,2,0,-7.42127,0.000,0.00044,0.9993,0.143,0.234
spatial_split\task_344c1a79-17eb-4807-aa0f-912248dc1f80_point_61,spatial_split\task_344c1a79-17eb-4807-aa0f-912248dc1f80,2,2,0,-1.87626,0.125,0.37729,0.8289,0.357,0.292
spatial_split\task_344c1a79-17eb-4807-aa0f-912248dc1f80_point_66,spatial_split\task_344c1a79-17eb-4807-aa0f-912248dc1f80,8,8,0,-12.54725,0.125,0.12791,1.0000,0.381,0.300
spatial_split\task_344c1a79-17eb-4807-aa0f-912248dc1f80_point_69,spatial_split\task_344c1a79-17eb-4807-aa0f-912248dc1f80,8,8,0,-7.53460,0.000,0.00295,0.9993,0.190,0.202
spatial_split\task_344c1a79-17eb-4807-aa0f-912248dc1f80_point_72,spatial_split\task_344c1a79-17eb-4807-aa0f-912248dc1f80,8,8,0,-8.34244,0.125,0.00408,0.9997,0.484,0.248
spatial_split\task_344c1a79-17eb-4807-aa0f-912248dc1f80_point_78,spatial_split\task_344c1a79-17eb-4807-aa0f-912248dc1f80,2,2,0,-4.09349,0.250,0.01021,0.9835,0.532,0.294
spatial_split\task_344c1a79-17eb-4807-aa0f-912248dc1f80_point_82,spatial_split\task_344c1a79-17eb-4807-aa0f-912248dc1f80,8,8,0,-13.54235,0.000,0.00001,1.0000,0.317,0.115
spatial_split\task_3e3715c8-c01b-4c8c-af6f-6959c1597083_point_108,spatial_split\task_3e3715c8-c01b-4c8c-af6f-6959c1597083,4,5,1,-2.10482,0.625,0.54856,0.8885,0.722,0.478
spatial_split\task_3e3715c8-c01b-4c8c-af6f-6959c1597083_point_109,spatial_split\task_3e3715c8-c01b-4c8c-af6f-6959c1597083,4,2,1,-4.89181,0.375,0.10132,0.9913,0.310,0.498
spatial_split\task_3e3715c8-c01b-4c8c-af6f-6959c1597083_point_111,spatial_split\task_3e3715c8-c01b-4c8c-af6f-6959c1597083,8,8,0,-10.67625,0.125,0.00002,1.0000,0.159,0.478
spatial_split\task_3e3715c8-c01b-4c8c-af6f-6959c1597083_point_116,spatial_split\task_3e3715c8-c01b-4c8c-af6f-6959c1597083,2,2,0,-3.61975,0.125,0.01651,0.9738,0.198,0.407
spatial_split\task_3e3715c8-c01b-4c8c-af6f-6959c1597083_point_13,spatial_split\task_3e3715c8-c01b-4c8c-af6f-6959c1597083,2,2,0,-0.24489,0.250,0.33203,0.5527,0.397,0.377
spatial_split\task_3e3715c8-c01b-4c8c-af6f-6959c1597083_point_28,spatial_split\task_3e3715c8-c01b-4c8c-af6f-6959c1597083,4,4,0,-7.39770,0.250,0.34458,0.9992,0.349,0.393
spatial_split\task_3e3715c8-c01b-4c8c-af6f-6959c1597083_point_37,spatial_split\task_3e3715c8-c01b-4c8c-af6f-6959c1597083,2,2,0,-8.76224,0.125,0.00217,0.9997,0.357,0.315
spatial_split\task_3e3715c8-c01b-4c8c-af6f-6959c1597083_point_40,spatial_split\task_3e3715c8-c01b-4c8c-af6f-6959c1597083,4,4,0,-5.18842,0.500,0.38585,0.9944,0.500,0.492
spatial_split\task_3e3715c8-c01b-4c8c-af6f-6959c1597083_point_41,spatial_split\task_3e3715c8-c01b-4c8c-af6f-6959c1597083,2,2,0,-12.06761,0.125,0.00014,1.0000,0.929,0.030
spatial_split\task_3e3715c8-c01b-4c8c-af6f-6959c1597083_point_45,spatial_split\task_3e3715c8-c01b-4c8c-af6f-6959c1597083,4,4,0,-1.08126,0.000,0.30807,0.7462,0.127,0.286
spatial_split\task_3e3715c8-c01b-4c8c-af6f-6959c1597083_point_58,spatial_split\task_3e3715c8-c01b-4c8c-af6f-6959c1597083,4,5,1,-0.13385,0.500,0.32997,0.5319,0.397,0.548
spatial_split\task_3e3715c8-c01b-4c8c-af6f-6959c1597083_point_75,spatial_split\task_3e3715c8-c01b-4c8c-af6f-6959c1597083,4,5,1,-0.57654,0.375,0.43988,0.6302,0.381,0.498
spatial_split\task_3e3715c8-c01b-4c8c-af6f-6959c1597083_point_76,spatial_split\task_3e3715c8-c01b-4c8c-af6f-6959c1597083,2,2,0,-13.01547,0.000,0.00002,1.0000,0.079,0.333
spatial_split\task_3e3715c8-c01b-4c8c-af6f-6959c1597083_point_87,spatial_split\task_3e3715c8-c01b-4c8c-af6f-6959c1597083,0,0,0,-5.06637,0.750,0.37321,0.9937,0.905,0.313
spatial_split\task_3e3715c8-c01b-4c8c-af6f-6959c1597083_point_9,spatial_split\task_3e3715c8-c01b-4c8c-af6f-6959c1597083,4,2,1,-0.51368,0.875,0.52985,0.6168,0.929,0.407
spatial_split\task_3e3715c8-c01b-4c8c-af6f-6959c1597083_point_93,spatial_split\task_3e3715c8-c01b-4c8c-af6f-6959c1597083,4,4,0,-1.76579,0.250,0.09959,0.8406,0.325,0.405
spatial_split\task_3e3715c8-c01b-4c8c-af6f-6959c1597083_point_97,spatial_split\task_3e3715c8-c01b-4c8c-af6f-6959c1597083,2,2,0,-4.80455,0.250,0.36135,0.9875,0.429,0.337
spatial_split\task_443f9bea-5883-4fb7-9573-0a9d51cb24d5_point_11,spatial_split\task_443f9bea-5883-4fb7-9573-0a9d51cb24d5,5,2,1,-1.18991,0.375,0.23545,0.7667,0.786,0.244
spatial_split\task_443f9bea-5883-4fb7-9573-0a9d51cb24d5_point_17,spatial_split\task_443f9bea-5883-4fb7-9573-0a9d51cb24d5,0,0,0,-2.46082,0.125,0.09294,0.9213,0.040,0.498
spatial_split\task_443f9bea-5883-4fb7-9573-0a9d51cb24d5_point_2,spatial_split\task_443f9bea-5883-4fb7-9573-0a9d51cb24d5,0,0,0,-1.64026,0.375,0.44992,0.8323,0.437,0.411
spatial_split\task_443f9bea-5883-4fb7-9573-0a9d51cb24d5_point_3,spatial_split\task_443f9bea-5883-4fb7-9573-0a9d51cb24d5,5,4,1,-1.13151,0.875,0.45530,0.7431,0.937,0.363
spatial_split\task_443f9bea-5883-4fb7-9573-0a9d51cb24d5_point_5,spatial_split\task_443f9bea-5883-4fb7-9573-0a9d51cb24d5,2,2,0,-3.19945,0.375,0.12270,0.9608,0.238,0.550
spatial_split\task_443f9bea-5883-4fb7-9573-0a9d51cb24d5_point_6,spatial_split\task_443f9bea-5883-4fb7-9573-0a9d51cb24d5,5,5,0,-15.04716,0.000,0.00048,1.0000,0.230,0.139
spatial_split\task_4d86a761-641c-4d20-947c-c9d8b08153a5_point_10,spatial_split\task_4d86a761-641c-4d20-947c-c9d8b08153a5,4,2,1,-0.22700,0.375,0.41127,0.5551,0.444,0.446
spatial_split\task_4d86a761-641c-4d20-947c-c9d8b08153a5_point_11,spatial_split\task_4d86a761-641c-4d20-947c-c9d8b08153a5,6,6,0,-5.99990,0.000,0.00739,0.9974,0.254,0.210
spatial_split\task_4d86a761-641c-4d20-947c-c9d8b08153a5_point_16,spatial_split\task_4d86a761-641c-4d20-947c-c9d8b08153a5,4,4,0,-2.45666,0.250,0.29387,0.9194,0.373,0.365
spatial_split\task_4d86a761-641c-4d20-947c-c9d8b08153a5_point_20,spatial_split\task_4d86a761-641c-4d20-947c-c9d8b08153a5,4,4,0,-5.52631,0.000,0.15046,0.9928,0.151,0.302
spatial_split\task_4d86a761-641c-4d20-947c-c9d8b08153a5_point_23,spatial_split\task_4d86a761-641c-4d20-947c-c9d8b08153a5,4,4,0,-7.23469,0.000,0.00060,0.9993,0.500,0.000
spatial_split\task_4d86a761-641c-4d20-947c-c9d8b08153a5_point_33,spatial_split\task_4d86a761-641c-4d20-947c-c9d8b08153a5,4,6,1,-0.35494,0.500,0.59807,0.3847,0.325,0.595
spatial_split\task_58af58e7-9eaf-46bf-b4b0-207b80bc00e4_point_19,spatial_split\task_58af58e7-9eaf-46bf-b4b0-207b80bc00e4,5,5,0,-7.87401,0.000,0.00029,0.9996,0.500,0.000
spatial_split\task_58af58e7-9eaf-46bf-b4b0-207b80bc00e4_point_20,spatial_split\task_58af58e7-9eaf-46bf-b4b0-207b80bc00e4,4,4,0,-2.49370,0.250,0.06014,0.9231,0.683,0.218
spatial_split\task_58af58e7-9eaf-46bf-b4b0-207b80bc00e4_point_22,spatial_split\task_58af58e7-9eaf-46bf-b4b0-207b80bc00e4,2,2,0,-1.32510,0.000,0.16705,0.7871,0.143,0.282
spatial_split\task_58af58e7-9eaf-46bf-b4b0-207b80bc00e4_point_23,spatial_split\task_58af58e7-9eaf-46bf-b4b0-207b80bc00e4,5,5,0,-11.53577,0.000,0.00196,1.0000,0.206,0.206
spatial_split\task_58af58e7-9eaf-46bf-b4b0-207b80bc00e4_point_25,spatial_split\task_58af58e7-9eaf-46bf-b4b0-207b80bc00e4,3,3,0,-11.98099,0.000,0.00001,1.0000,0.452,0.028
spatial_split\task_58af58e7-9eaf-46bf-b4b0-207b80bc00e4_point_3,spatial_split\task_58af58e7-9eaf-46bf-b4b0-207b80bc00e4,5,5,0,-11.86124,0.000,0.00000,1.0000,0.500,0.000
spatial_split\task_58af58e7-9eaf-46bf-b4b0-207b80bc00e4_point_30,spatial_split\task_58af58e7-9eaf-46bf-b4b0-207b80bc00e4,5,5,0,-5.54115,0.000,0.00768,0.9953,0.429,0.032
spatial_split\task_58af58e7-9eaf-46bf-b4b0-207b80bc00e4_point_31,spatial_split\task_58af58e7-9eaf-46bf-b4b0-207b80bc00e4,2,2,0,-4.05952,0.000,0.01357,0.9830,0.373,0.087
spatial_split\task_58af58e7-9eaf-46bf-b4b0-207b80bc00e4_point_32,spatial_split\task_58af58e7-9eaf-46bf-b4b0-207b80bc00e4,5,5,0,-7.11015,0.000,0.03592,0.9991,0.500,0.000
spatial_split\task_58af58e7-9eaf-46bf-b4b0-207b80bc00e4_point_5,spatial_split\task_58af58e7-9eaf-46bf-b4b0-207b80bc00e4,5,5,0,-7.05381,0.000,0.00681,0.9991,0.310,0.131
spatial_split\task_58af58e7-9eaf-46bf-b4b0-207b80bc00e4_point_7,spatial_split\task_58af58e7-9eaf-46bf-b4b0-207b80bc00e4,2,4,1,-1.42547,1.000,0.38440,0.8042,1.000,0.087
spatial_split\task_58af58e7-9eaf-46bf-b4b0-207b80bc00e4_point_8,spatial_split\task_58af58e7-9eaf-46bf-b4b0-207b80bc00e4,5,5,0,-12.43164,0.000,0.00001,1.0000,0.500,0.000
spatial_split\task_58af58e7-9eaf-46bf-b4b0-207b80bc00e4_point_9,spatial_split\task_58af58e7-9eaf-46bf-b4b0-207b80bc00e4,4,2,1,-1.21642,0.500,0.11296,0.7714,0.619,0.425
spatial_split\task_6269bc5d-f293-461b-8953-06bf3b640053_point_0,spatial_split\task_6269bc5d-f293-461b-8953-06bf3b640053,5,5,0,-11.09932,0.000,0.00034,1.0000,0.500,0.000
spatial_split\task_6269bc5d-f293-461b-8953-06bf3b640053_point_11,spatial_split\task_6269bc5d-f293-461b-8953-06bf3b640053,0,2,1,-1.51098,0.250,0.12656,0.8174,0.278,0.397
spatial_split\task_6269bc5d-f293-461b-8953-06bf3b640053_point_12,spatial_split\task_6269bc5d-f293-461b-8953-06bf3b640053,2,2,0,-2.16995,0.125,0.41437,0.8884,0.429,0.256
spatial_split\task_6269bc5d-f293-461b-8953-06bf3b640053_point_13,spatial_split\task_6269bc5d-f293-461b-8953-06bf3b640053,0,5,1,-1.06695,1.000,0.57041,0.5937,0.984,0.484
spatial_split\task_6269bc5d-f293-461b-8953-06bf3b640053_point_15,spatial_split\task_6269bc5d-f293-461b-8953-06bf3b640053,2,2,0,-4.08033,0.125,0.01875,0.9739,0.254,0.312
spatial_split\task_6269bc5d-f293-461b-8953-06bf3b640053_point_16,spatial_split\task_6269bc5d-f293-461b-8953-06bf3b640053,5,5,0,-8.63062,0.000,0.00026,0.9997,0.341,0.127
spatial_split\task_6269bc5d-f293-461b-8953-06bf3b640053_point_17,spatial_split\task_6269bc5d-f293-461b-8953-06bf3b640053,0,2,1,-4.20632,0.125,0.04499,0.9853,0.389,0.284
spatial_split\task_6269bc5d-f293-461b-8953-06bf3b640053_point_24,spatial_split\task_6269bc5d-f293-461b-8953-06bf3b640053,5,5,0,-5.32621,0.125,0.00565,0.9930,0.929,0.030
spatial_split\task_6269bc5d-f293-461b-8953-06bf3b640053_point_28,spatial_split\task_6269bc5d-f293-461b-8953-06bf3b640053,0,2,1,-0.48903,0.000,0.32574,0.6182,0.111,0.385
spatial_split\task_6269bc5d-f293-461b-8953-06bf3b640053_point_36,spatial_split\task_6269bc5d-f293-461b-8953-06bf3b640053,0,2,1,-2.69642,0.125,0.06382,0.9363,0.214,0.427
spatial_split\task_6269bc5d-f293-461b-8953-06bf3b640053_point_37,spatial_split\task_6269bc5d-f293-461b-8953-06bf3b640053,5,5,0,-13.54088,0.000,0.00008,1.0000,0.500,0.000
spatial_split\task_6269bc5d-f293-461b-8953-06bf3b640053_point_8,spatial_split\task_6269bc5d-f293-461b-8953-06bf3b640053,2,5,1,-1.44201,0.875,0.39664,0.7344,0.929,0.593
spatial_split\task_6269bc5d-f293-461b-8953-06bf3b640053_point_9,spatial_split\task_6269bc5d-f293-461b-8953-06bf3b640053,0,0,0,-15.55033,0.000,0.00138,1.0000,0.040,0.500
spatial_split\task_6e7ff7f7-bde9-40f8-aa83-7dcd6793d6ee_point_11,spatial_split\task_6e7ff7f7-bde9-40f8-aa83-7dcd6793d6ee,5,5,0,-7.82279,0.000,0.00037,0.9996,0.357,0.099
spatial_split\task_6e7ff7f7-bde9-40f8-aa83-7dcd6793d6ee_point_13,spatial_split\task_6e7ff7f7-bde9-40f8-aa83-7dcd6793d6ee,5,5,0,-9.03018,0.000,0.00338,0.9998,0.500,0.000
spatial_split\task_6e7ff7f7-bde9-40f8-aa83-7dcd6793d6ee_point_16,spatial_split\task_6e7ff7f7-bde9-40f8-aa83-7dcd6793d6ee,5,5,0,-4.68991,0.000,0.00712,0.9902,0.381,0.075
spatial_split\task_6e7ff7f7-bde9-40f8-aa83-7dcd6793d6ee_point_18,spatial_split\task_6e7ff7f7-bde9-40f8-aa83-7dcd6793d6ee,2,2,0,-0.80535,0.250,0.20750,0.6909,0.286,0.452
spatial_split\task_6e7ff7f7-bde9-40f8-aa83-7dcd6793d6ee_point_20,spatial_split\task_6e7ff7f7-bde9-40f8-aa83-7dcd6793d6ee,2,2,0,-9.28440,0.000,0.01446,0.9999,0.468,0.020
spatial_split\task_6e7ff7f7-bde9-40f8-aa83-7dcd6793d6ee_point_21,spatial_split\task_6e7ff7f7-bde9-40f8-aa83-7dcd6793d6ee,8,8,0,-12.05591,0.375,0.00002,1.0000,0.643,0.304
spatial_split\task_6e7ff7f7-bde9-40f8-aa83-7dcd6793d6ee_point_24,spatial_split\task_6e7ff7f7-bde9-40f8-aa83-7dcd6793d6ee,5,5,0,-10.25515,0.000,0.00013,0.9999,0.429,0.032
spatial_split\task_6e7ff7f7-bde9-40f8-aa83-7dcd6793d6ee_point_25,spatial_split\task_6e7ff7f7-bde9-40f8-aa83-7dcd6793d6ee,8,8,0,-7.94733,0.000,0.00056,0.9993,0.310,0.095
spatial_split\task_6e7ff7f7-bde9-40f8-aa83-7dcd6793d6ee_point_35,spatial_split\task_6e7ff7f7-bde9-40f8-aa83-7dcd6793d6ee,2,2,0,-8.79968,0.000,0.00023,0.9998,0.341,0.115
spatial_split\task_6e7ff7f7-bde9-40f8-aa83-7dcd6793d6ee_point_4,spatial_split\task_6e7ff7f7-bde9-40f8-aa83-7dcd6793d6ee,8,8,0,-10.25773,0.375,0.00005,0.9999,0.468,0.399
spatial_split\task_6e7ff7f7-bde9-40f8-aa83-7dcd6793d6ee_point_48,spatial_split\task_6e7ff7f7-bde9-40f8-aa83-7dcd6793d6ee,5,5,0,-9.75738,0.000,0.00197,0.9999,0.437,0.040
spatial_split\task_6e7ff7f7-bde9-40f8-aa83-7dcd6793d6ee_point_61,spatial_split\task_6e7ff7f7-bde9-40f8-aa83-7dcd6793d6ee,5,5,0,-14.15250,0.000,0.00003,1.0000,0.397,0.052
spatial_split\task_6e7ff7f7-bde9-40f8-aa83-7dcd6793d6ee_point_64,spatial_split\task_6e7ff7f7-bde9-40f8-aa83-7dcd6793d6ee,2,0,1,-0.45870,0.625,0.36905,0.6125,0.865,0.276
spatial_split\task_6e7ff7f7-bde9-40f8-aa83-7dcd6793d6ee_point_68,spatial_split\task_6e7ff7f7-bde9-40f8-aa83-7dcd6793d6ee,5,5,0,-11.09133,0.000,0.00340,1.0000,0.500,0.000
spatial_split\task_6e7ff7f7-bde9-40f8-aa83-7dcd6793d6ee_point_9,spatial_split\task_6e7ff7f7-bde9-40f8-aa83-7dcd6793d6ee,5,5,0,-12.19248,0.000,0.00001,1.0000,0.500,0.000
spatial_split\task_7406e0d9-0f50-4e96-afaa-4a1f1f71cbf4_point_2,spatial_split\task_7406e0d9-0f50-4e96-afaa-4a1f1f71cbf4,2,2,0,-9.94316,0.000,0.00005,1.0000,0.500,0.000
spatial_split\task_7406e0d9-0f50-4e96-afaa-4a1f1f71cbf4_point_8,spatial_split\task_7406e0d9-0f50-4e96-afaa-4a1f1f71cbf4,4,2,1,-2.48741,0.125,0.33953,0.9183,0.508,0.228
spatial_split\task_a68e5146-dd9b-4002-b4da-1d8f40a3ceb5_point_1,spatial_split\task_a68e5146-dd9b-4002-b4da-1d8f40a3ceb5,8,5,1,-1.37707,0.500,0.67010,0.7327,0.262,0.611
spatial_split\task_be5974fd-8d3b-4aaa-97f7-8e9f2779c8c4_point_11,spatial_split\task_be5974fd-8d3b-4aaa-97f7-8e9f2779c8c4,3,3,0,-10.30609,0.000,0.00003,1.0000,0.325,0.107
spatial_split\task_be5974fd-8d3b-4aaa-97f7-8e9f2779c8c4_point_12,spatial_split\task_be5974fd-8d3b-4aaa-97f7-8e9f2779c8c4,2,2,0,-1.42138,0.500,0.24095,0.7486,0.619,0.425
spatial_split\task_be5974fd-8d3b-4aaa-97f7-8e9f2779c8c4_point_15,spatial_split\task_be5974fd-8d3b-4aaa-97f7-8e9f2779c8c4,4,4,0,-10.94128,0.000,0.00274,1.0000,0.405,0.056
spatial_split\task_be5974fd-8d3b-4aaa-97f7-8e9f2779c8c4_point_20,spatial_split\task_be5974fd-8d3b-4aaa-97f7-8e9f2779c8c4,4,4,0,-11.98332,0.000,0.00934,1.0000,0.452,0.028
spatial_split\task_be5974fd-8d3b-4aaa-97f7-8e9f2779c8c4_point_23,spatial_split\task_be5974fd-8d3b-4aaa-97f7-8e9f2779c8c4,0,0,0,-7.22632,0.250,0.29539,0.9993,0.183,0.536
spatial_split\task_be5974fd-8d3b-4aaa-97f7-8e9f2779c8c4_point_25,spatial_split\task_be5974fd-8d3b-4aaa-97f7-8e9f2779c8c4,1,1,0,-22.20357,0.000,0.00000,1.0000,0.500,0.000
spatial_split\task_be5974fd-8d3b-4aaa-97f7-8e9f2779c8c4_point_29,spatial_split\task_be5974fd-8d3b-4aaa-97f7-8e9f2779c8c4,3,3,0,-20.03900,0.000,0.00000,1.0000,0.500,0.000
spatial_split\task_be5974fd-8d3b-4aaa-97f7-8e9f2779c8c4_point_30,spatial_split\task_be5974fd-8d3b-4aaa-97f7-8e9f2779c8c4,4,4,0,-3.15216,0.000,0.37878,0.9566,0.325,0.111
spatial_split\task_be5974fd-8d3b-4aaa-97f7-8e9f2779c8c4_point_37,spatial_split\task_be5974fd-8d3b-4aaa-97f7-8e9f2779c8c4,4,2,1,-1.18522,0.625,0.43982,0.7656,0.944,0.157
spatial_split\task_be5974fd-8d3b-4aaa-97f7-8e9f2779c8c4_point_43,spatial_split\task_be5974fd-8d3b-4aaa-97f7-8e9f2779c8c4,2,2,0,-3.31027,0.250,0.02846,0.9645,0.706,0.179
spatial_split\task_be5974fd-8d3b-4aaa-97f7-8e9f2779c8c4_point_44,spatial_split\task_be5974fd-8d3b-4aaa-97f7-8e9f2779c8c4,4,4,0,-4.87474,0.000,0.00591,0.9924,0.468,0.020
spatial_split\task_be5974fd-8d3b-4aaa-97f7-8e9f2779c8c4_point_46,spatial_split\task_be5974fd-8d3b-4aaa-97f7-8e9f2779c8c4,4,4,0,-9.34891,0.000,0.00013,0.9998,0.429,0.032
spatial_split\task_be5974fd-8d3b-4aaa-97f7-8e9f2779c8c4_point_53,spatial_split\task_be5974fd-8d3b-4aaa-97f7-8e9f2779c8c4,1,1,0,-22.77697,0.000,0.00000,1.0000,0.500,0.000
spatial_split\task_c1e4cc1c-523d-4b31-bef8-7204bfc9ccbd_point_101,spatial_split\task_c1e4cc1c-523d-4b31-bef8-7204bfc9ccbd,2,2,0,-7.77637,0.000,0.00119,0.9996,0.222,0.194
spatial_split\task_c1e4cc1c-523d-4b31-bef8-7204bfc9ccbd_point_103,spatial_split\task_c1e4cc1c-523d-4b31-bef8-7204bfc9ccbd,5,5,0,-3.83111,0.250,0.01637,0.9787,0.413,0.333
spatial_split\task_c1e4cc1c-523d-4b31-bef8-7204bfc9ccbd_point_105,spatial_split\task_c1e4cc1c-523d-4b31-bef8-7204bfc9ccbd,2,2,0,-4.29992,0.125,0.13955,0.9864,0.516,0.196
spatial_split\task_c1e4cc1c-523d-4b31-bef8-7204bfc9ccbd_point_106,spatial_split\task_c1e4cc1c-523d-4b31-bef8-7204bfc9ccbd,3,4,1,-0.40352,0.375,0.19697,0.5983,0.651,0.292
spatial_split\task_c1e4cc1c-523d-4b31-bef8-7204bfc9ccbd_point_12,spatial_split\task_c1e4cc1c-523d-4b31-bef8-7204bfc9ccbd,5,5,0,-5.93651,0.125,0.00239,0.9967,0.381,0.264
spatial_split\task_c1e4cc1c-523d-4b31-bef8-7204bfc9ccbd_point_13,spatial_split\task_c1e4cc1c-523d-4b31-bef8-7204bfc9ccbd,5,5,0,-12.36816,0.000,0.02924,1.0000,0.071,0.377
spatial_split\task_c1e4cc1c-523d-4b31-bef8-7204bfc9ccbd_point_15,spatial_split\task_c1e4cc1c-523d-4b31-bef8-7204bfc9ccbd,2,2,0,-4.71619,0.375,0.34999,0.9911,0.627,0.319
spatial_split\task_c1e4cc1c-523d-4b31-bef8-7204bfc9ccbd_point_36,spatial_split\task_c1e4cc1c-523d-4b31-bef8-7204bfc9ccbd,5,5,0,-8.61808,0.000,0.00021,0.9998,0.167,0.234
spatial_split\task_c1e4cc1c-523d-4b31-bef8-7204bfc9ccbd_point_4,spatial_split\task_c1e4cc1c-523d-4b31-bef8-7204bfc9ccbd,4,5,1,-0.87900,1.000,0.35536,0.7055,0.992,0.171
spatial_split\task_c1e4cc1c-523d-4b31-bef8-7204bfc9ccbd_point_41,spatial_split\task_c1e4cc1c-523d-4b31-bef8-7204bfc9ccbd,2,2,0,-7.67122,0.000,0.00621,0.9995,0.294,0.159
spatial_split\task_c1e4cc1c-523d-4b31-bef8-7204bfc9ccbd_point_48,spatial_split\task_c1e4cc1c-523d-4b31-bef8-7204bfc9ccbd,5,5,0,-7.03001,0.000,0.00619,0.9991,0.254,0.151
spatial_split\task_c1e4cc1c-523d-4b31-bef8-7204bfc9ccbd_point_49,spatial_split\task_c1e4cc1c-523d-4b31-bef8-7204bfc9ccbd,2,2,0,-2.99613,0.250,0.03565,0.9521,0.817,0.135
spatial_split\task_c1e4cc1c-523d-4b31-bef8-7204bfc9ccbd_point_50,spatial_split\task_c1e4cc1c-523d-4b31-bef8-7204bfc9ccbd,4,5,1,-0.99511,0.375,0.16795,0.7301,0.429,0.387
spatial_split\task_c1e4cc1c-523d-4b31-bef8-7204bfc9ccbd_point_51,spatial_split\task_c1e4cc1c-523d-4b31-bef8-7204bfc9ccbd,3,5,1,-0.02682,0.500,0.32537,0.3582,0.619,0.381
spatial_split\task_c1e4cc1c-523d-4b31-bef8-7204bfc9ccbd_point_65,spatial_split\task_c1e4cc1c-523d-4b31-bef8-7204bfc9ccbd,4,5,1,-3.71497,0.750,0.42598,0.9752,0.897,0.401
spatial_split\task_c1e4cc1c-523d-4b31-bef8-7204bfc9ccbd_point_7,spatial_split\task_c1e4cc1c-523d-4b31-bef8-7204bfc9ccbd,2,2,0,-2.76463,0.000,0.04343,0.9407,0.198,0.242
spatial_split\task_c1e4cc1c-523d-4b31-bef8-7204bfc9ccbd_point_70,spatial_split\task_c1e4cc1c-523d-4b31-bef8-7204bfc9ccbd,2,2,0,-10.63432,0.000,0.00064,1.0000,0.190,0.226
spatial_split\task_c1e4cc1c-523d-4b31-bef8-7204bfc9ccbd_point_80,spatial_split\task_c1e4cc1c-523d-4b31-bef8-7204bfc9ccbd,5,5,0,-1.81515,0.000,0.33701,0.8553,0.325,0.115
spatial_split\task_c1e4cc1c-523d-4b31-bef8-7204bfc9ccbd_point_84,spatial_split\task_c1e4cc1c-523d-4b31-bef8-7204bfc9ccbd,5,5,0,-2.54082,0.000,0.29841,0.9269,0.079,0.317
spatial_split\task_c1e4cc1c-523d-4b31-bef8-7204bfc9ccbd_point_86,spatial_split\task_c1e4cc1c-523d-4b31-bef8-7204bfc9ccbd,2,2,0,-4.84516,0.125,0.00693,0.9914,0.643,0.153
spatial_split\task_c1e4cc1c-523d-4b31-bef8-7204bfc9ccbd_point_88,spatial_split\task_c1e4cc1c-523d-4b31-bef8-7204bfc9ccbd,2,2,0,-4.80633,0.000,0.35283,0.9919,0.421,0.048
spatial_split\task_c1e4cc1c-523d-4b31-bef8-7204bfc9ccbd_point_92,spatial_split\task_c1e4cc1c-523d-4b31-bef8-7204bfc9ccbd,2,4,1,-0.46937,0.875,0.32468,0.6146,0.952,0.200
spatial_split\task_c1e4cc1c-523d-4b31-bef8-7204bfc9ccbd_point_94,spatial_split\task_c1e4cc1c-523d-4b31-bef8-7204bfc9ccbd,2,2,0,-8.13777,0.000,0.00045,0.9997,0.429,0.032
spatial_split\task_c1e4cc1c-523d-4b31-bef8-7204bfc9ccbd_point_95,spatial_split\task_c1e4cc1c-523d-4b31-bef8-7204bfc9ccbd,5,5,0,-4.18871,0.250,0.46869,0.9768,0.103,0.540
spatial_split\task_c2fe80b4-ecb1-46df-b417-9a8b1804c7b0_point_1,spatial_split\task_c2fe80b4-ecb1-46df-b417-9a8b1804c7b0,2,2,0,-5.84871,0.000,0.00457,0.9965,0.167,0.270
spatial_split\task_c2fe80b4-ecb1-46df-b417-9a8b1804c7b0_point_13,spatial_split\task_c2fe80b4-ecb1-46df-b417-9a8b1804c7b0,5,5,0,-7.35965,0.000,0.17924,0.9984,0.270,0.143
spatial_split\task_c2fe80b4-ecb1-46df-b417-9a8b1804c7b0_point_16,spatial_split\task_c2fe80b4-ecb1-46df-b417-9a8b1804c7b0,2,2,0,-12.03482,0.000,0.00206,1.0000,0.357,0.083
spatial_split\task_c2fe80b4-ecb1-46df-b417-9a8b1804c7b0_point_23,spatial_split\task_c2fe80b4-ecb1-46df-b417-9a8b1804c7b0,6,6,0,-13.44553,0.000,0.00005,1.0000,0.500,0.000
spatial_split\task_c2fe80b4-ecb1-46df-b417-9a8b1804c7b0_point_28,spatial_split\task_c2fe80b4-ecb1-46df-b417-9a8b1804c7b0,2,2,0,-8.33421,0.000,0.00518,0.9997,0.238,0.155
spatial_split\task_c2fe80b4-ecb1-46df-b417-9a8b1804c7b0_point_30,spatial_split\task_c2fe80b4-ecb1-46df-b417-9a8b1804c7b0,2,2,0,-7.96767,0.000,0.00061,0.9996,0.310,0.131
spatial_split\task_c2fe80b4-ecb1-46df-b417-9a8b1804c7b0_point_32,spatial_split\task_c2fe80b4-ecb1-46df-b417-9a8b1804c7b0,3,2,1,-0.25123,0.875,0.62544,0.4759,0.968,0.482
spatial_split\task_c2fe80b4-ecb1-46df-b417-9a8b1804c7b0_point_33,spatial_split\task_c2fe80b4-ecb1-46df-b417-9a8b1804c7b0,2,2,0,-3.34549,0.250,0.20089,0.9363,0.746,0.175
spatial_split\task_c2fe80b4-ecb1-46df-b417-9a8b1804c7b0_point_4,spatial_split\task_c2fe80b4-ecb1-46df-b417-9a8b1804c7b0,2,5,1,-0.18706,1.000,0.53877,0.5065,0.968,0.389
spatial_split\task_c2fe80b4-ecb1-46df-b417-9a8b1804c7b0_point_8,spatial_split\task_c2fe80b4-ecb1-46df-b417-9a8b1804c7b0,2,2,0,-2.18707,0.125,0.14586,0.8288,0.397,0.284
spatial_split\task_ce646fb4-34d2-45d1-9829-32af50624c18_point_18,spatial_split\task_ce646fb4-34d2-45d1-9829-32af50624c18,1,1,0,-27.17394,0.000,0.00000,1.0000,0.500,0.000
spatial_split\task_ce646fb4-34d2-45d1-9829-32af50624c18_point_19,spatial_split\task_ce646fb4-34d2-45d1-9829-32af50624c18,1,1,0,-27.81572,0.000,0.00000,1.0000,0.500,0.000
spatial_split\task_ce646fb4-34d2-45d1-9829-32af50624c18_point_25,spatial_split\task_ce646fb4-34d2-45d1-9829-32af50624c18,1,1,0,-27.39921,0.000,0.00000,1.0000,0.500,0.000
spatial_split\task_ce646fb4-34d2-45d1-9829-32af50624c18_point_26,spatial_split\task_ce646fb4-34d2-45d1-9829-32af50624c18,1,1,0,-20.48531,0.000,0.00000,1.0000,0.500,0.000
spatial_split\task_ce646fb4-34d2-45d1-9829-32af50624c18_point_5,spatial_split\task_ce646fb4-34d2-45d1-9829-32af50624c18,1,1,0,-26.80029,0.000,0.00000,1.0000,0.500,0.000
spatial_split\task_ce646fb4-34d2-45d1-9829-32af50624c18_point_8,spatial_split\task_ce646fb4-34d2-45d1-9829-32af50624c18,1,1,0,-25.92683,0.000,0.00000,1.0000,0.500,0.000
spatial_split\task_d4c8256d-4632-48b6-bbc1-744c2e2a7f44_point_17,spatial_split\task_d4c8256d-4632-48b6-bbc1-744c2e2a7f44,0,0,0,-2.27435,0.500,0.37455,0.9063,0.865,0.222
spatial_split\task_d4c8256d-4632-48b6-bbc1-744c2e2a7f44_point_18,spatial_split\task_d4c8256d-4632-48b6-bbc1-744c2e2a7f44,2,2,0,-10.83717,0.000,0.00019,1.0000,0.452,0.028
spatial_split\task_d4c8256d-4632-48b6-bbc1-744c2e2a7f44_point_2,spatial_split\task_d4c8256d-4632-48b6-bbc1-744c2e2a7f44,0,6,1,-0.21364,0.750,0.50144,0.5492,0.873,0.464
spatial_split\task_d4c8256d-4632-48b6-bbc1-744c2e2a7f44_point_24,spatial_split\task_d4c8256d-4632-48b6-bbc1-744c2e2a7f44,2,2,0,-6.01230,0.000,0.00210,0.9976,0.500,0.000
spatial_split\task_d4c8256d-4632-48b6-bbc1-744c2e2a7f44_point_30,spatial_split\task_d4c8256d-4632-48b6-bbc1-744c2e2a7f44,0,0,0,-3.83703,0.000,0.36172,0.9789,0.230,0.163
spatial_split\task_d4c8256d-4632-48b6-bbc1-744c2e2a7f44_point_34,spatial_split\task_d4c8256d-4632-48b6-bbc1-744c2e2a7f44,2,2,0,-4.28453,0.000,0.50103,0.9863,0.333,0.087
spatial_split\task_d4c8256d-4632-48b6-bbc1-744c2e2a7f44_point_4,spatial_split\task_d4c8256d-4632-48b6-bbc1-744c2e2a7f44,0,0,0,-2.33814,0.750,0.46980,0.9113,0.937,0.286
spatial_split\task_d4c8256d-4632-48b6-bbc1-744c2e2a7f44_point_42,spatial_split\task_d4c8256d-4632-48b6-bbc1-744c2e2a7f44,0,0,0,-6.90492,0.375,0.46768,0.9990,0.738,0.232
spatial_split\task_d4c8256d-4632-48b6-bbc1-744c2e2a7f44_point_53,spatial_split\task_d4c8256d-4632-48b6-bbc1-744c2e2a7f44,0,0,0,-8.94752,0.125,0.24480,0.9998,0.310,0.355
spatial_split\task_d4c8256d-4632-48b6-bbc1-744c2e2a7f44_point_58,spatial_split\task_d4c8256d-4632-48b6-bbc1-744c2e2a7f44,0,0,0,-7.48103,0.250,0.02940,0.9994,0.143,0.484
spatial_split\task_d4c8256d-4632-48b6-bbc1-744c2e2a7f44_point_59,spatial_split\task_d4c8256d-4632-48b6-bbc1-744c2e2a7f44,2,2,0,-15.80614,0.000,0.00001,1.0000,0.452,0.028
spatial_split\task_d4c8256d-4632-48b6-bbc1-744c2e2a7f44_point_64,spatial_split\task_d4c8256d-4632-48b6-bbc1-744c2e2a7f44,0,0,0,-1.59784,0.125,0.41929,0.8133,0.127,0.423
spatial_split\task_d4c8256d-4632-48b6-bbc1-744c2e2a7f44_point_66,spatial_split\task_d4c8256d-4632-48b6-bbc1-744c2e2a7f44,0,0,0,-1.47254,0.500,0.44049,0.8134,0.698,0.341
spatial_split\task_d4c8256d-4632-48b6-bbc1-744c2e2a7f44_point_7,spatial_split\task_d4c8256d-4632-48b6-bbc1-744c2e2a7f44,4,4,0,-1.49072,1.000,0.37341,0.8162,0.992,0.230
spatial_split\task_d4c8256d-4632-48b6-bbc1-744c2e2a7f44_point_70,spatial_split\task_d4c8256d-4632-48b6-bbc1-744c2e2a7f44,4,4,0,-3.37311,0.125,0.02779,0.9622,0.690,0.133
spatial_split\task_d4c8256d-4632-48b6-bbc1-744c2e2a7f44_point_73,spatial_split\task_d4c8256d-4632-48b6-bbc1-744c2e2a7f44,2,2,0,-5.28303,0.000,0.03327,0.9937,0.413,0.052
spatial_split\task_d4c8256d-4632-48b6-bbc1-744c2e2a7f44_point_74,spatial_split\task_d4c8256d-4632-48b6-bbc1-744c2e2a7f44,2,2,0,-11.98260,0.000,0.00886,1.0000,0.294,0.139
spatial_split\task_d4c8256d-4632-48b6-bbc1-744c2e2a7f44_point_80,spatial_split\task_d4c8256d-4632-48b6-bbc1-744c2e2a7f44,4,2,1,-2.48655,0.375,0.06133,0.9122,0.603,0.319
spatial_split\task_d4c8256d-4632-48b6-bbc1-744c2e2a7f44_point_81,spatial_split\task_d4c8256d-4632-48b6-bbc1-744c2e2a7f44,2,0,1,-0.91886,0.500,0.36040,0.7147,0.603,0.460
spatial_split\task_d4c8256d-4632-48b6-bbc1-744c2e2a7f44_point_85,spatial_split\task_d4c8256d-4632-48b6-bbc1-744c2e2a7f44,0,2,1,-1.10343,0.500,0.34534,0.7143,0.611,0.413
spatial_split\task_d4c8256d-4632-48b6-bbc1-744c2e2a7f44_point_88,spatial_split\task_d4c8256d-4632-48b6-bbc1-744c2e2a7f44,4,4,0,-3.96642,0.500,0.09816,0.9814,0.865,0.230
spatial_split\task_d4c8256d-4632-48b6-bbc1-744c2e2a7f44_point_9,spatial_split\task_d4c8256d-4632-48b6-bbc1-744c2e2a7f44,2,2,0,-12.22127,0.000,0.00010,1.0000,0.397,0.052
spatial_split\task_d4c8256d-4632-48b6-bbc1-744c2e2a7f44_point_90,spatial_split\task_d4c8256d-4632-48b6-bbc1-744c2e2a7f44,0,0,0,-13.07531,0.125,0.00000,1.0000,0.397,0.284
spatial_split\task_d4c8256d-4632-48b6-bbc1-744c2e2a7f44_point_92,spatial_split\task_d4c8256d-4632-48b6-bbc1-744c2e2a7f44,0,0,0,-6.68240,0.375,0.12444,0.9987,0.492,0.395
spatial_split\task_d4c8256d-4632-48b6-bbc1-744c2e2a7f44_point_95,spatial_split\task_d4c8256d-4632-48b6-bbc1-744c2e2a7f44,2,2,0,-1.28501,0.500,0.22834,0.6831,0.833,0.226
spatial_split\task_d7e1febf-3c18-4074-8cc4-399bc2762421_point_31,spatial_split\task_d7e1febf-3c18-4074-8cc4-399bc2762421,2,2,0,-8.39382,0.000,0.01245,0.9997,0.500,0.000
spatial_split\task_d7e1febf-3c18-4074-8cc4-399bc2762421_point_5,spatial_split\task_d7e1febf-3c18-4074-8cc4-399bc2762421,2,2,0,-4.44338,0.000,0.00914,0.9884,0.452,0.028
spatial_split\task_d7e1febf-3c18-4074-8cc4-399bc2762421_point_6,spatial_split\task_d7e1febf-3c18-4074-8cc4-399bc2762421,4,4,0,-10.55143,0.000,0.00012,1.0000,0.270,0.190
spatial_split\task_d7e1febf-3c18-4074-8cc4-399bc2762421_point_8,spatial_split\task_d7e1febf-3c18-4074-8cc4-399bc2762421,4,4,0,-10.30547,0.000,0.00004,1.0000,0.468,0.020
spatial_split\task_dd115912-0e85-4035-82a2-73a21abf0bac_point_0,spatial_split\task_dd115912-0e85-4035-82a2-73a21abf0bac,2,2,0,-3.40139,0.125,0.03404,0.9661,0.198,0.359
spatial_split\task_dd115912-0e85-4035-82a2-73a21abf0bac_point_10,spatial_split\task_dd115912-0e85-4035-82a2-73a21abf0bac,2,4,1,-2.80607,0.625,0.28406,0.9430,0.881,0.315
spatial_split\task_dd115912-0e85-4035-82a2-73a21abf0bac_point_13,spatial_split\task_dd115912-0e85-4035-82a2-73a21abf0bac,2,2,0,-3.61788,0.375,0.62617,0.9687,0.611,0.375
spatial_split\task_dd115912-0e85-4035-82a2-73a21abf0bac_point_14,spatial_split\task_dd115912-0e85-4035-82a2-73a21abf0bac,1,1,0,-25.30304,0.000,0.00000,1.0000,0.500,0.000
spatial_split\task_dd115912-0e85-4035-82a2-73a21abf0bac_point_17,spatial_split\task_dd115912-0e85-4035-82a2-73a21abf0bac,0,0,0,-0.16774,1.000,0.36601,0.5395,1.000,0.393
spatial_split\task_dd115912-0e85-4035-82a2-73a21abf0bac_point_2,spatial_split\task_dd115912-0e85-4035-82a2-73a21abf0bac,2,6,1,-0.87260,0.750,0.33902,0.5598,0.754,0.520
spatial_split\task_dd115912-0e85-4035-82a2-73a21abf0bac_point_21,spatial_split\task_dd115912-0e85-4035-82a2-73a21abf0bac,0,0,0,-2.03712,0.875,0.35133,0.8765,0.976,0.371
spatial_split\task_dd115912-0e85-4035-82a2-73a21abf0bac_point_22,spatial_split\task_dd115912-0e85-4035-82a2-73a21abf0bac,0,0,0,-4.26747,0.375,0.01735,0.9853,0.532,0.339
spatial_split\task_dd115912-0e85-4035-82a2-73a21abf0bac_point_25,spatial_split\task_dd115912-0e85-4035-82a2-73a21abf0bac,2,4,1,-0.40180,0.625,0.24028,0.5961,0.762,0.403
spatial_split\task_dd115912-0e85-4035-82a2-73a21abf0bac_point_3,spatial_split\task_dd115912-0e85-4035-82a2-73a21abf0bac,0,6,1,-0.33297,0.000,0.40423,0.4683,0.111,0.278
spatial_split\task_dd115912-0e85-4035-82a2-73a21abf0bac_point_30,spatial_split\task_dd115912-0e85-4035-82a2-73a21abf0bac,6,6,0,-6.88152,0.125,0.00048,0.9990,0.698,0.121
spatial_split\task_dd115912-0e85-4035-82a2-73a21abf0bac_point_39,spatial_split\task_dd115912-0e85-4035-82a2-73a21abf0bac,0,0,0,-4.41186,1.000,0.19112,0.9769,0.992,0.425
spatial_split\task_dd115912-0e85-4035-82a2-73a21abf0bac_point_40,spatial_split\task_dd115912-0e85-4035-82a2-73a21abf0bac,1,1,0,-23.11134,0.000,0.00000,1.0000,0.500,0.000
spatial_split\task_dd115912-0e85-4035-82a2-73a21abf0bac_point_41,spatial_split\task_dd115912-0e85-4035-82a2-73a21abf0bac,0,0,0,-4.35322,0.625,0.33599,0.9792,0.833,0.367
spatial_split\task_dd115912-0e85-4035-82a2-73a21abf0bac_point_45,spatial_split\task_dd115912-0e85-4035-82a2-73a21abf0bac,4,2,1,-4.52555,0.125,0.08790,0.9893,0.500,0.196
spatial_split\task_dd115912-0e85-4035-82a2-73a21abf0bac_point_48,spatial_split\task_dd115912-0e85-4035-82a2-73a21abf0bac,2,2,0,-0.38007,0.875,0.42123,0.4551,0.889,0.494
spatial_split\task_dd115912-0e85-4035-82a2-73a21abf0bac_point_50,spatial_split\task_dd115912-0e85-4035-82a2-73a21abf0bac,2,2,0,-1.71885,0.625,0.12878,0.8232,0.595,0.542
spatial_split\task_dd115912-0e85-4035-82a2-73a21abf0bac_point_55,spatial_split\task_dd115912-0e85-4035-82a2-73a21abf0bac,0,0,0,-1.65580,0.625,0.32586,0.8343,0.857,0.323
spatial_split\task_dd115912-0e85-4035-82a2-73a21abf0bac_point_57,spatial_split\task_dd115912-0e85-4035-82a2-73a21abf0bac,0,0,0,-3.40774,0.625,0.56490,0.9644,0.849,0.371
spatial_split\task_dd115912-0e85-4035-82a2-73a21abf0bac_point_60,spatial_split\task_dd115912-0e85-4035-82a2-73a21abf0bac,0,2,1,-0.74936,0.000,0.25653,0.6786,0.222,0.187
spatial_split\task_dd115912-0e85-4035-82a2-73a21abf0bac_point_62,spatial_split\task_dd115912-0e85-4035-82a2-73a21abf0bac,0,2,1,-4.68067,0.125,0.00637,0.9878,0.405,0.252
spatial_split\task_dd115912-0e85-4035-82a2-73a21abf0bac_point_63,spatial_split\task_dd115912-0e85-4035-82a2-73a21abf0bac,2,2,0,-3.38828,0.250,0.31525,0.9632,0.611,0.262
spatial_split\task_e318aeda-1e00-46bd-8cc6-031db2328f51_point_14,spatial_split\task_e318aeda-1e00-46bd-8cc6-031db2328f51,4,4,0,-13.52102,0.000,0.00006,1.0000,0.437,0.052
spatial_split\task_e318aeda-1e00-46bd-8cc6-031db2328f51_point_15,spatial_split\task_e318aeda-1e00-46bd-8cc6-031db2328f51,2,0,1,-1.79217,0.875,0.30354,0.8571,0.968,0.391
spatial_split\task_e318aeda-1e00-46bd-8cc6-031db2328f51_point_22,spatial_split\task_e318aeda-1e00-46bd-8cc6-031db2328f51,6,6,0,-13.70187,0.000,0.00001,1.0000,0.468,0.020
spatial_split\task_e318aeda-1e00-46bd-8cc6-031db2328f51_point_27,spatial_split\task_e318aeda-1e00-46bd-8cc6-031db2328f51,6,6,0,-4.46155,0.000,0.00933,0.9886,0.087,0.421
spatial_split\task_e318aeda-1e00-46bd-8cc6-031db2328f51_point_3,spatial_split\task_e318aeda-1e00-46bd-8cc6-031db2328f51,4,4,0,-5.40809,0.250,0.00228,0.9936,0.563,0.274
spatial_split\task_e318aeda-1e00-46bd-8cc6-031db2328f51_point_31,spatial_split\task_e318aeda-1e00-46bd-8cc6-031db2328f51,6,6,0,-15.34859,0.000,0.00000,1.0000,0.500,0.000
spatial_split\task_e318aeda-1e00-46bd-8cc6-031db2328f51_point_39,spatial_split\task_e318aeda-1e00-46bd-8cc6-031db2328f51,6,6,0,-3.27660,0.000,0.02569,0.9636,0.095,0.286
spatial_split\task_e318aeda-1e00-46bd-8cc6-031db2328f51_point_40,spatial_split\task_e318aeda-1e00-46bd-8cc6-031db2328f51,2,2,0,-7.02048,0.000,0.08349,0.9991,0.063,0.298
spatial_split\task_e318aeda-1e00-46bd-8cc6-031db2328f51_point_6,spatial_split\task_e318aeda-1e00-46bd-8cc6-031db2328f51,4,4,0,-1.66429,0.000,0.38960,0.8355,0.127,0.266
spatial_split\task_e318aeda-1e00-46bd-8cc6-031db2328f51_point_8,spatial_split\task_e318aeda-1e00-46bd-8cc6-031db2328f51,7,7,0,-0.02694,0.375,0.47416,0.5067,0.794,0.224
spatial_split\task_e5ce4657-b0e3-4126-89cc-ded23616f48e_point_11,spatial_split\task_e5ce4657-b0e3-4126-89cc-ded23616f48e,5,5,0,-10.17139,0.000,0.00121,1.0000,0.278,0.135
spatial_split\task_e5ce4657-b0e3-4126-89cc-ded23616f48e_point_17,spatial_split\task_e5ce4657-b0e3-4126-89cc-ded23616f48e,4,4,0,-5.95397,0.000,0.00267,0.9967,0.294,0.159
spatial_split\task_e5ce4657-b0e3-4126-89cc-ded23616f48e_point_23,spatial_split\task_e5ce4657-b0e3-4126-89cc-ded23616f48e,2,2,0,-3.78383,0.125,0.01768,0.9738,0.698,0.141
spatial_split\task_e5ce4657-b0e3-4126-89cc-ded23616f48e_point_40,spatial_split\task_e5ce4657-b0e3-4126-89cc-ded23616f48e,2,2,0,-5.13381,0.125,0.00453,0.9937,0.262,0.327
spatial_split\task_e665b4ff-778e-4255-9b0c-aa89a0e7eed0_point_10,spatial_split\task_e665b4ff-778e-4255-9b0c-aa89a0e7eed0,2,2,0,-6.38985,0.125,0.00285,0.9977,0.444,0.244
spatial_split\task_e665b4ff-778e-4255-9b0c-aa89a0e7eed0_point_11,spatial_split\task_e665b4ff-778e-4255-9b0c-aa89a0e7eed0,2,2,0,-9.32206,0.000,0.00310,0.9999,0.254,0.167
spatial_split\task_e665b4ff-778e-4255-9b0c-aa89a0e7eed0_point_22,spatial_split\task_e665b4ff-778e-4255-9b0c-aa89a0e7eed0,0,0,0,-4.15026,0.875,0.57222,0.9845,0.984,0.089
spatial_split\task_e665b4ff-778e-4255-9b0c-aa89a0e7eed0_point_23,spatial_split\task_e665b4ff-778e-4255-9b0c-aa89a0e7eed0,2,2,0,-2.40879,0.125,0.25246,0.9175,0.603,0.161
spatial_split\task_e665b4ff-778e-4255-9b0c-aa89a0e7eed0_point_26,spatial_split\task_e665b4ff-778e-4255-9b0c-aa89a0e7eed0,2,2,0,-0.63011,0.875,0.36328,0.6516,0.984,0.367
spatial_split\task_e665b4ff-778e-4255-9b0c-aa89a0e7eed0_point_27,spatial_split\task_e665b4ff-778e-4255-9b0c-aa89a0e7eed0,2,2,0,-1.89628,0.000,0.18892,0.8607,0.230,0.163
spatial_split\task_e665b4ff-778e-4255-9b0c-aa89a0e7eed0_point_29,spatial_split\task_e665b4ff-778e-4255-9b0c-aa89a0e7eed0,0,0,0,-4.89180,0.750,0.37955,0.9925,0.873,0.413
spatial_split\task_e665b4ff-778e-4255-9b0c-aa89a0e7eed0_point_30,spatial_split\task_e665b4ff-778e-4255-9b0c-aa89a0e7eed0,4,4,0,-8.02255,0.125,0.00346,0.9997,0.167,0.391
spatial_split\task_e665b4ff-778e-4255-9b0c-aa89a0e7eed0_point_34,spatial_split\task_e665b4ff-778e-4255-9b0c-aa89a0e7eed0,2,2,0,-7.42068,0.000,0.00044,0.9994,0.500,0.000
spatial_split\task_e665b4ff-778e-4255-9b0c-aa89a0e7eed0_point_35,spatial_split\task_e665b4ff-778e-4255-9b0c-aa89a0e7eed0,4,4,0,-8.78633,0.000,0.01760,0.9998,0.143,0.270
spatial_split\task_e665b4ff-778e-4255-9b0c-aa89a0e7eed0_point_39,spatial_split\task_e665b4ff-778e-4255-9b0c-aa89a0e7eed0,2,2,0,-8.12689,0.000,0.00065,0.9996,0.500,0.000
spatial_split\task_e665b4ff-778e-4255-9b0c-aa89a0e7eed0_point_43,spatial_split\task_e665b4ff-778e-4255-9b0c-aa89a0e7eed0,4,4,0,-2.18137,0.000,0.13092,0.8966,0.119,0.298
spatial_split\task_e665b4ff-778e-4255-9b0c-aa89a0e7eed0_point_44,spatial_split\task_e665b4ff-778e-4255-9b0c-aa89a0e7eed0,0,2,1,-3.19001,0.125,0.03072,0.9605,0.333,0.308
spatial_split\task_e665b4ff-778e-4255-9b0c-aa89a0e7eed0_point_45,spatial_split\task_e665b4ff-778e-4255-9b0c-aa89a0e7eed0,4,4,0,-1.40042,0.375,0.45110,0.7207,0.524,0.415
spatial_split\task_e665b4ff-778e-4255-9b0c-aa89a0e7eed0_point_5,spatial_split\task_e665b4ff-778e-4255-9b0c-aa89a0e7eed0,4,4,0,-1.30459,0.250,0.38620,0.7850,0.341,0.421
spatial_split\task_e8e257cf-6745-4563-8cf9-9e6d3b8eef5c_point_16,spatial_split\task_e8e257cf-6745-4563-8cf9-9e6d3b8eef5c,8,8,0,-16.90670,0.000,0.00000,1.0000,0.468,0.020
spatial_split\task_e8e257cf-6745-4563-8cf9-9e6d3b8eef5c_point_19,spatial_split\task_e8e257cf-6745-4563-8cf9-9e6d3b8eef5c,4,4,0,-7.50069,0.000,0.03796,0.9993,0.206,0.234
spatial_split\task_e8e257cf-6745-4563-8cf9-9e6d3b8eef5c_point_21,spatial_split\task_e8e257cf-6745-4563-8cf9-9e6d3b8eef5c,4,2,1,-0.57453,0.375,0.37274,0.4927,0.563,0.395
spatial_split\task_e8e257cf-6745-4563-8cf9-9e6d3b8eef5c_point_25,spatial_split\task_e8e257cf-6745-4563-8cf9-9e6d3b8eef5c,2,2,0,-7.26151,0.250,0.00083,0.9989,0.548,0.266
spatial_split\task_e8e257cf-6745-4563-8cf9-9e6d3b8eef5c_point_33,spatial_split\task_e8e257cf-6745-4563-8cf9-9e6d3b8eef5c,5,5,0,-9.02225,0.125,0.00009,0.9999,0.175,0.379
spatial_split\task_e8e257cf-6745-4563-8cf9-9e6d3b8eef5c_point_37,spatial_split\task_e8e257cf-6745-4563-8cf9-9e6d3b8eef5c,8,8,0,-8.86038,0.000,0.15046,0.9997,0.238,0.179
spatial_split\task_e8e257cf-6745-4563-8cf9-9e6d3b8eef5c_point_38,spatial_split\task_e8e257cf-6745-4563-8cf9-9e6d3b8eef5c,5,5,0,-4.74499,0.000,0.00598,0.9912,0.357,0.063
spatial_split\task_e8e257cf-6745-4563-8cf9-9e6d3b8eef5c_point_52,spatial_split\task_e8e257cf-6745-4563-8cf9-9e6d3b8eef5c,8,5,1,-1.67418,1.000,0.67273,0.7881,0.976,0.242
spatial_split\task_e8e257cf-6745-4563-8cf9-9e6d3b8eef5c_point_8,spatial_split\task_e8e257cf-6745-4563-8cf9-9e6d3b8eef5c,8,8,0,-14.16217,0.250,0.01310,1.0000,0.437,0.357
spatial_split\task_f1f0753e-b731-439c-b799-47b5ece62fa4_point_1,spatial_split\task_f1f0753e-b731-439c-b799-47b5ece62fa4,4,4,0,-2.61608,0.000,0.03893,0.9313,0.159,0.210
spatial_split\task_f1f0753e-b731-439c-b799-47b5ece62fa4_point_10,spatial_split\task_f1f0753e-b731-439c-b799-47b5ece62fa4,5,5,0,-5.18305,0.000,0.03110,0.9943,0.008,0.484
spatial_split\task_f1f0753e-b731-439c-b799-47b5ece62fa4_point_13,spatial_split\task_f1f0753e-b731-439c-b799-47b5ece62fa4,5,5,0,-5.56781,0.000,0.03973,0.9962,0.087,0.306
spatial_split\task_f1f0753e-b731-439c-b799-47b5ece62fa4_point_18,spatial_split\task_f1f0753e-b731-439c-b799-47b5ece62fa4,4,4,0,-7.94420,0.000,0.00021,0.9996,0.151,0.238
spatial_split\task_f1f0753e-b731-439c-b799-47b5ece62fa4_point_27,spatial_split\task_f1f0753e-b731-439c-b799-47b5ece62fa4,5,5,0,-8.06244,0.000,0.00031,0.9996,0.500,0.000
spatial_split\task_f1f0753e-b731-439c-b799-47b5ece62fa4_point_37,spatial_split\task_f1f0753e-b731-439c-b799-47b5ece62fa4,5,5,0,-4.45426,0.750,0.00573,0.9884,0.968,0.151
spatial_split\task_fcb73770-53a9-42b0-97f8-fb00e65420b6_point_14,spatial_split\task_fcb73770-53a9-42b0-97f8-fb00e65420b6,5,5,0,-13.50078,0.000,0.00055,1.0000,0.405,0.067
spatial_split\task_fcb73770-53a9-42b0-97f8-fb00e65420b6_point_17,spatial_split\task_fcb73770-53a9-42b0-97f8-fb00e65420b6,2,5,1,-3.73787,0.875,0.39927,0.9677,0.937,0.419
spatial_split\task_fcb73770-53a9-42b0-97f8-fb00e65420b6_point_6,spatial_split\task_fcb73770-53a9-42b0-97f8-fb00e65420b6,5,5,0,-11.96196,0.000,0.00001,1.0000,0.437,0.040
