year,scene,n_errors,seasonal_fraction,intermittent_fraction,permanent_fraction,seasonal_share_among_errors,seasonal_share_among_correct,intermittent_share_among_errors,intermittent_share_among_correct,error_rate_seasonal,error_rate_nonseasonal,n_errors_nonseasonal,n_errors_seasonal,eaurc_all[baseline],eaurc_nonseasonal[baseline],eaurc_seasonal[baseline],eaurc_all[E_case],eaurc_nonseasonal[E_case],eaurc_seasonal[E_case],eaurc_all[tile-phase (aligned)],eaurc_nonseasonal[tile-phase (aligned)],eaurc_seasonal[tile-phase (aligned)],eaurc_all[boundary],eaurc_nonseasonal[boundary],eaurc_seasonal[boundary],eaurc_all[E_dist],eaurc_nonseasonal[E_dist],eaurc_seasonal[E_dist],eaurc_all[control],eaurc_nonseasonal[control],eaurc_seasonal[control]
2024,barotse,97,0.556640625,0.65234375,0.001953125,0.41237113402061853,0.5717367853290184,0.5876288659793815,0.6591154261057174,0.07017543859649122,0.12555066079295155,57,40,0.06374072895973824,0.07928206530913415,0.05523285741934066,0.01882098459960902,0.012338649949261846,0.023087996626888475,0.008062302076029178,0.012913981452974177,0.005178970595570712,0.0030712994393955247,0.005267188452695769,0.001719310342929908,0.024260756342520333,0.03708283077714991,0.01815238556994523,0.033738832630902514,0.05474290209395352,0.023864995158796393
2024,cuando_20,49,0.0185546875,0.0498046875,0.0,0.10204081632653061,0.014358974358974359,0.32653061224489793,0.035897435897435895,0.2631578947368421,0.04378109452736319,44,5,0.002305352845290396,0.0018740860880043272,nan,0.006294766038915097,0.004875152198339804,nan,0.0012964121541724181,0.0011165501908775666,nan,0.0032155763118874242,0.003154008653421269,nan,0.0026931857860731704,0.0024572768089222404,nan,0.008048342160708453,0.007935986857056753,nan
2024,cuando_50,168,0.0,0.0,0.0,0.0,0.0,0.0,0.0,nan,0.1640625,168,0,0.03928680150979784,0.03928680150979784,nan,0.0651068492515779,0.0651068492515779,nan,0.013311633047836485,0.013311633047836485,nan,0.014737395802324221,0.014737395802324221,nan,0.004545659659027115,0.004545659659027115,nan,0.01724388103998276,0.01724388103998276,nan
2024,cuando_80,61,0.0224609375,0.0458984375,0.0,0.11475409836065574,0.016614745586708203,0.22950819672131148,0.03426791277258567,0.30434782608695654,0.053946053946053944,54,7,0.005351764143434398,0.005008839621721707,nan,0.013692698038489699,0.012679005960783992,nan,0.003189617672577911,0.0026954265320804447,nan,0.005138066862936575,0.004602209995631274,nan,0.0074092382730945715,0.006206183322094479,nan,0.007433358089793054,0.006931726179195669,nan
2024,delta,29,0.0,0.0,0.0,0.0,0.0,0.0,0.0,nan,0.0283203125,29,0,0.022975242223047705,0.022975242223047705,nan,0.009930001749540349,0.009930001749540349,nan,0.00043636665073223295,0.00043636665073223295,nan,3.9351230026785674e-06,3.9351230026785674e-06,nan,0.0009788759944057367,0.0009788759944057367,nan,5.2083935300180535e-05,5.2083935300180535e-05,nan
2024,kafue_20,77,0.1337890625,0.1455078125,0.0009765625,0.33766233766233766,0.11721224920802534,0.38961038961038963,0.12565997888067582,0.1897810218978102,0.05749718151071026,51,26,0.013490831670502981,0.00646962790325082,0.04899949265538944,0.02148003446375599,0.013380246928592117,0.03931078917711735,0.004892579927681797,0.002647112728125079,0.04267729113819799,0.009804994732680592,0.006787940903876881,0.10273405710716722,0.0377729586023257,0.03449580315875215,0.11048132028191689,0.02577632965711113,0.02363641432585726,0.07721572507482134
2024,kafue_50,48,0.076171875,0.0791015625,0.0,0.5208333333333334,0.05430327868852459,0.5416666666666666,0.05635245901639344,0.32051282051282054,0.024312896405919663,23,25,0.02296708498167975,0.013038251414089536,0.18093387362320204,0.026312882032079224,0.015517659458159206,0.21258877460375222,0.0015796367371150263,0.0003349617198349731,0.12720297690039625,0.0017360994418049438,0.0001664877460732457,0.0761547544579036,0.007713701818540927,0.00386354195695859,0.09965600912261222,0.008807346556610331,0.00866712181835864,0.06454960768290602
2024,kafue_80,38,0.0947265625,0.1416015625,0.009765625,0.47368421052631576,0.08012170385395538,0.6578947368421053,0.12170385395537525,0.18556701030927836,0.021574973031283712,20,18,0.012058791409741282,0.01258640054241951,0.03517463983364055,0.0061292738060071345,0.005540294112392637,0.023197585196310534,0.0012824492546754601,0.00037903883377945645,0.037141038691132805,0.0014017866873019813,0.0005253636280107975,0.0365870579069113,0.013101361751979847,0.0045417948566889525,0.08293478271104479,0.0007046593069712585,0.00019048250910527298,0.022519290825255587
2024,kazungula,18,0.19140625,0.462890625,0.283203125,0.7222222222222222,0.18190854870775347,0.7777777777777778,0.4572564612326044,0.0663265306122449,0.006038647342995169,5,13,0.0007264169942157101,nan,0.006345441606633938,0.0006940255423347415,nan,0.008034767772646001,0.0004147948702188446,nan,0.007230266473358485,0.00033813646722221367,nan,0.0046001652149926416,0.00348870537733273,nan,0.02568319240704656,0.001442972802468698,nan,0.012659960303588524
2024,luangwa_conf,52,0.33203125,0.57421875,0.068359375,0.7115384615384616,0.3117283950617284,1.0,0.551440329218107,0.10882352941176471,0.021929824561403508,15,37,0.008947765780212034,0.0031034603227796187,0.028537120114578735,0.017581065260995503,0.0017263266460925484,0.06204983720466898,0.005815172808717865,0.0010981359258689235,0.027089969275494,0.009700327308088338,0.002000162826620563,0.032185712101686435,0.009462142714851587,0.003774817366718589,0.03377039082689428,0.058351504843803734,0.04041943571928983,0.08884553090036716
2024,okavango_50,96,0.4619140625,0.59375,0.0615234375,0.4166666666666667,0.4665948275862069,0.8333333333333334,0.5689655172413793,0.08456659619450317,0.10163339382940109,56,40,0.14060793115568837,0.18443053290794195,0.08940757532703134,0.15666123305020827,0.19236849612712123,0.10970027667561828,0.11287735177038484,0.1500411397080123,0.062060184401249156,0.046067945506968175,0.06404048978808852,0.02555097755482641,0.12927667311886668,0.17032820285887385,0.08134528757344374,0.1183074307794549,0.16933870645428792,0.05219761337445139
2024,okavango_80,76,0.0634765625,0.0888671875,0.0068359375,0.32894736842105265,0.04219409282700422,0.4605263157894737,0.05907172995780591,0.38461538461538464,0.053180396246089674,51,25,0.054294323224705475,0.039661204207253546,0.25164573368640886,0.05489177012702543,0.02688962090682995,0.2906400821767414,0.0032838875458047556,0.0018775097103300718,0.1169720731520782,0.0023498843354374617,0.0013584693133937159,0.07998143958404244,0.007618011382871863,0.0028749518006136706,0.14617929492197212,0.0008812205531424648,0.0004824079417550958,0.026798070495605758
2024,okavango_sep,13,0.046875,0.056640625,0.0,0.0,0.04747774480712166,0.0,0.057368941641938676,0.0,0.01331967213114754,13,0,0.00042638786507953185,0.000470356032748974,nan,0.0001992291648424035,0.0002198572633178777,nan,0.00020918489107126632,0.00023066490908241378,nan,7.250767642966391e-06,7.98689012703553e-06,nan,0.0006518117076520746,0.0006669942677471004,nan,0.016175292939146668,0.01682685827973195,nan
2024,rovuma_20,39,0.3408203125,0.390625,0.02734375,0.6410256410256411,0.32893401015228424,0.6666666666666666,0.37969543147208124,0.07163323782234957,0.02074074074074074,14,25,0.004520496715400123,0.0014755209083371474,0.013069656508610396,0.008750784453642498,0.0011669355936760756,0.0232577343701773,0.0013937425857267287,0.0002516186538914926,0.0063113729686317226,0.0015489155688460342,0.0003758756611056839,0.006284746597129347,0.00969363590167516,0.0028635126208350478,0.03368414358480816,0.0065760795094725105,0.0007425755184461722,0.021157083678611518
2024,rovuma_50,74,0.3310546875,0.357421875,0.005859375,0.9864864864864865,0.28,0.9864864864864865,0.30842105263157893,0.2153392330383481,0.00145985401459854,1,73,0.0064165897421879945,nan,0.06466473884905007,0.00642692667402093,nan,0.05218622977148481,0.005290072625922297,nan,0.060975738408481486,0.008654628962709944,nan,0.08437397171448732,0.012506521857848202,nan,0.14834240371909002,0.013245394159984148,nan,0.11412642284655701
2024,rovuma_80,18,0.18359375,0.2509765625,0.0751953125,0.8333333333333334,0.17196819085487078,0.8333333333333334,0.24055666003976142,0.0797872340425532,0.0035885167464114833,3,15,0.001439554279369221,nan,0.013253709295969756,0.0028646204501150945,nan,0.01734270105410427,0.0008771299464480006,nan,0.023116789181461643,0.003421270442996357,nan,0.05170405138209666,0.0012830469875402296,nan,0.022023618862887586,0.0004600503059693098,nan,0.010218282919349798
2024,save_20,25,0.0078125,0.0107421875,0.0,0.2,0.003003003003003003,0.24,0.005005005005005005,0.625,0.01968503937007874,20,5,0.020482619588743443,0.01075025861628544,nan,0.06163292053432043,0.04256572056324291,nan,0.00015678252825284523,8.525761449445742e-05,nan,1.0250532638099918e-05,4.446927521412259e-06,nan,0.00015509026234752823,0.00011613275520059967,nan,0.0037154810891584012,0.0037378608655830948,nan
2024,save_50,76,0.2158203125,0.333984375,0.0,0.8947368421052632,0.16139240506329114,0.9868421052631579,0.28164556962025317,0.3076923076923077,0.009962640099626401,8,68,0.01118717382458453,0.00021865900586125311,0.1605806721007628,0.038086253748072035,0.000271565470595979,0.16797214574157743,0.008761932348810526,0.00012598988302895827,0.17349318328150937,0.044368354784706326,0.0001250188719557675,0.25292841789621034,0.013435147687203754,0.0016499736897358373,0.22056221982762006,0.06474167300570195,0.0005363943572146727,0.3664753197799563
2024,save_80,23,0.0302734375,0.0302734375,0.0,0.4782608695652174,0.01998001998001998,0.4782608695652174,0.01998001998001998,0.3548387096774194,0.012084592145015106,12,11,0.0066454262914877205,0.0039339353604495916,0.2675141695265595,0.028893022801569697,0.011098674989814485,0.38899816822242184,0.0002978733502590854,7.72947318216637e-05,0.11534418436532937,4.4484184364428905e-05,1.3868516705517101e-05,0.01236440781211151,0.0003835134579546837,0.00022950800848156063,0.044485260288694095,0.00021963344669607087,3.601674199975431e-05,0.1058123779058846
2024,shire_20,303,0.1767578125,0.2333984375,0.0048828125,0.33663366336633666,0.10957004160887657,0.46864686468646866,0.13453536754507628,0.56353591160221,0.23843416370106763,201,102,0.10818478392009831,0.07371050350949143,0.15117995022026431,0.11145275152484596,0.05952562859542122,0.20060266931479048,0.12875886859110258,0.06159737394073958,0.3254108507648611,0.17665178307296897,0.10538841728968087,0.44581642870579696,0.06442293127273938,0.04356772437117759,0.22424344891800796,0.2067727635200356,0.1369970853692088,0.4055680947260587
2024,shire_50,123,0.35546875,0.6904296875,0.00390625,0.6666666666666666,0.3129855715871254,0.8617886178861789,0.6670366259711432,0.22527472527472528,0.06212121212121212,41,82,0.0932219406538781,0.025217004764022125,0.17363173505310417,0.09241752850266088,0.02526612819416844,0.18723595383852004,0.05606853168256757,0.0035316721524499433,0.13354204233270525,0.02128239034949287,0.0024564908366266846,0.07316555217455262,0.05536321993925495,0.010252755901670598,0.12735882703453938,0.05083021659867249,0.0032395894315652876,0.12048371301830316
2024,shire_80,188,0.0908203125,0.580078125,0.0,0.22340425531914893,0.061004784688995214,0.9308510638297872,0.5011961722488039,0.45161290322580644,0.15682062298603652,146,42,0.2836444488725171,0.26621468915163304,0.32428186843447415,0.27657677172263817,0.2568734934670735,0.34716565286941126,0.17004819474305352,0.1337279539320276,0.35499390649413065,0.06451626106618977,0.044262673883925144,0.29922018558248165,0.19908774790262582,0.17274062581036034,0.32231865411266886,0.1306234314978372,0.09691919932338894,0.32069744060256117
2024,shire_liwonde,17,0.0,0.0,0.0,0.0,0.0,0.0,0.0,nan,0.0166015625,17,0,0.03331426532503726,0.03331426532503726,nan,0.035530429224796996,0.035530429224796996,nan,0.025056110885331898,0.025056110885331898,nan,0.008855680872354155,0.008855680872354155,nan,0.0011547421404747473,0.0011547421404747473,nan,0.00041367199749317,0.00041367199749317,nan
2024,vicfalls_up,23,0.048828125,0.1708984375,0.0419921875,0.391304347826087,0.04095904095904096,0.7391304347826086,0.15784215784215785,0.18,0.014373716632443531,14,9,0.0005288564506625891,0.0001825972681927893,0.047704139451705374,0.00029154553706500227,0.00010951004820476443,0.024071091322603762,0.000521026560205438,0.00022425142840898645,0.03987227493572662,0.0023681481640176532,0.00233194357016514,0.01478199362235388,0.0009673460902841413,0.0004008733687195659,0.07867142853037405,0.0409740556568448,0.02974914086578146,0.22355569313871054
2024,zambezi_20,51,0.376953125,0.5966796875,0.201171875,0.6470588235294118,0.36279547790339156,0.7058823529411765,0.590955806783145,0.08549222797927461,0.02821316614420063,18,33,0.011748518756192825,0.0038494858243818863,0.020605176783089128,0.010481532467936937,0.0012411601827847626,0.030813586684482364,0.004888944318080861,0.0010332278104277781,0.012205700180302356,0.006404305955069509,0.0009677715758494394,0.017429951708877723,0.015489448939535695,0.008163238819296724,0.030372787994726487,0.004625134013057841,0.0006024099619324132,0.014850161995837535
2024,zambezi_50,16,0.130859375,0.31640625,0.185546875,0.375,0.12698412698412698,0.4375,0.314484126984127,0.04477611940298507,0.011235955056179775,10,6,0.00017570252146786145,9.110611183514999e-05,nan,0.00014790681432143367,8.435940530658781e-05,nan,0.00017561638479782402,9.358442068632996e-05,nan,0.000267021373080074,9.771493772883803e-05,nan,0.003595916826476246,0.0037535197933354428,nan,0.0003748394044104003,0.0001498961491591007,nan
2024,zambezi_80,47,0.05078125,0.0498046875,0.0,0.06382978723404255,0.05015353121801433,0.0851063829787234,0.048106448311156604,0.057692307692307696,0.04526748971193416,44,3,0.0024133453168951498,0.0023088762465561523,nan,0.013675033544595677,0.013229821922506482,nan,0.0003569706484781521,0.00037053181633573415,nan,1.1482730701205214e-05,1.2185106303788315e-05,nan,0.00739997193598237,0.007748477094636266,nan,0.031504760138210706,0.03371615286395444,nan
2021,barotse,160,0.556640625,0.65234375,0.001953125,0.45,0.5763888888888888,0.675,0.6481481481481481,0.12631578947368421,0.19383259911894274,88,72,0.09985479004806196,0.14061381979258814,0.061894368186101216,0.1193786927121578,0.1688501693129231,0.08540988824850987,0.02259275549384006,0.03605755795464286,0.013176217241565756,0.015057937158487494,0.024904941048918695,0.009980099089301626,0.07057575699471381,0.08118233257653187,0.06492648658172585,0.04424183053376805,0.04514769610255077,0.043418364330583714
2021,cuando_20,201,0.0185546875,0.0498046875,0.0,0.04477611940298507,0.012150668286755772,0.10945273631840796,0.03523693803159174,0.47368421052631576,0.191044776119403,192,9,0.06473416927155248,0.05952479122444243,0.28673200294717316,0.07444464652799468,0.06198469066050186,0.4382988055975672,0.03688231190200166,0.03537731548499524,0.2399138357342692,0.04965037784075187,0.04799527976238803,0.1896134395360403,0.05331842840762601,0.051371445268912935,0.2066444735175386,0.12918420931691363,0.1297702073021736,0.15483176094631204
2021,cuando_50,282,0.0,0.0,0.0,0.0,0.0,0.0,0.0,nan,0.275390625,282,0,0.13698783982070886,0.13698783982070886,nan,0.05858801278740094,0.05858801278740094,nan,0.08481448351080578,0.08481448351080578,nan,0.07179986775761882,0.07179986775761882,nan,0.03493169555835839,0.03493169555835839,nan,0.11410195160724274,0.11410195160724274,nan
2021,cuando_80,155,0.0224609375,0.0458984375,0.0,0.03870967741935484,0.019562715765247412,0.10967741935483871,0.03452243958573072,0.2608695652173913,0.14885114885114886,149,6,0.04086685746339175,0.03494819076420223,nan,0.055543418842714326,0.04534582203876884,nan,0.023033930545297714,0.02117695960364563,nan,0.012702048099447659,0.011595289368598676,nan,0.0449351217365158,0.036093071213239514,nan,0.08916597798010419,0.08938713659821908,nan
2021,delta,51,0.001953125,0.001953125,0.0,0.0196078431372549,0.0010277492291880781,0.0196078431372549,0.0010277492291880781,0.5,0.04892367906066536,50,1,0.026180333136137407,0.026122143566832692,nan,0.04924082482187897,0.04917846377379459,nan,0.0010755896949011796,0.001039377427523709,nan,0.00018642958361579556,0.00018595754077863698,nan,0.012125093207687525,0.011196702949623896,nan,0.014316636162518456,0.014285411809610883,nan
2021,kafue_20,65,0.1337890625,0.1455078125,0.0009765625,0.4461538461538462,0.11261730969760167,0.46153846153846156,0.12408759124087591,0.2116788321167883,0.040586245772266064,36,29,0.013384562895575209,0.00692079947374062,0.04180431759234521,0.011024752854517235,0.007925291858430229,0.024102148858663994,0.0027575501635261597,0.001196697177419226,0.035080315171290774,0.005051072417343581,0.0015203310826396622,0.12192748351395978,0.01948511810963683,0.011791053260448341,0.11252400949277287,0.014069545319860126,0.012041886918097497,0.07295381109980062
2021,kafue_50,68,0.076171875,0.0791015625,0.0,0.5147058823529411,0.04497907949790795,0.5294117647058824,0.04707112970711297,0.44871794871794873,0.03488372093023256,33,35,0.047435284815948116,0.021344652592238316,0.2657177312963254,0.055146083642519585,0.025334204522028045,0.34577453750022485,0.003895909285380943,0.0014253357208120032,0.23459863315227436,0.0025817201053054467,0.0017238872774006002,0.09883168650217991,0.014961835214205469,0.00254291117171348,0.21648069086983485,0.03684032561366595,0.038318979219660126,0.09296845818705307
2021,kafue_80,97,0.0947265625,0.1416015625,0.009765625,0.32989690721649484,0.07011866235167206,0.5876288659793815,0.09492988133764833,0.32989690721649484,0.07011866235167206,65,32,0.0343342030452243,0.026196150375518517,0.026217228848146534,0.02339364704194459,0.010264314314421374,0.02408233354675729,0.015068416967966252,0.00957570468788235,0.06333369667959098,0.02510649292955617,0.015522675109577569,0.13767606982388958,0.036180085132117276,0.021826311622917236,0.053730320650644994,0.008075943762043436,0.005821739813890478,0.0815483279681359
2021,kazungula,19,0.19140625,0.462890625,0.283203125,0.7368421052631579,0.18109452736318407,0.8421052631578947,0.4557213930348259,0.07142857142857142,0.006038647342995169,5,14,0.0005457493369042839,nan,0.006623786303756606,0.0003097788920529212,nan,0.004016254859683294,0.0003484484128650907,nan,0.005836249325906713,0.0003342447584059925,nan,0.004978124372794322,0.0011339192152582324,nan,0.005642731805702395,0.000722878135170444,nan,0.012278677494797153
2021,luangwa_conf,21,0.33203125,0.57421875,0.068359375,0.8095238095238095,0.3220338983050847,1.0,0.5653040877367896,0.05,0.005847953216374269,4,17,0.0016357556335720332,nan,0.003174729612891316,0.0020348429600793414,nan,0.0034791498805050473,0.0011997634021200998,nan,0.0033472200477249314,0.0015178600131174251,nan,0.0023984300032403143,0.002450945292663863,nan,0.003910233646719407,0.005927162624172208,nan,0.01807824429701191
2021,okavango_50,110,0.4619140625,0.59375,0.0615234375,0.34545454545454546,0.4759299781181619,0.7090909090909091,0.5798687089715536,0.080338266384778,0.1306715063520871,72,38,0.12411044167763986,0.16402092279484157,0.07732341164319947,0.16267401820139243,0.20936769524800886,0.10287846241078417,0.10322445186683483,0.14759664406797263,0.04108395968040531,0.03953578728140604,0.057825726358965636,0.019394737884624074,0.10938258303943281,0.13789387878734308,0.08111062909443759,0.039718973618289515,0.0798314986966585,0.01297421850465138
2021,okavango_80,96,0.0634765625,0.0888671875,0.0068359375,0.3020833333333333,0.03879310344827586,0.4166666666666667,0.05495689655172414,0.4461538461538462,0.06986444212721585,67,29,0.09378973046959402,0.06828586426271309,0.3105756574506081,0.0900605490942572,0.05057579767902369,0.3108193388020485,0.006876271045172414,0.004495822907466822,0.16670231314280923,0.0031775091602596877,0.0018223146831498481,0.11454371198733887,0.04836756256074387,0.01879858023102694,0.38051701034899144,0.010719616562079174,0.010457956891980856,0.04953237033447369
2021,okavango_sep,188,0.046875,0.056640625,0.0,0.0,0.05741626794258373,0.015957446808510637,0.06578947368421052,0.0,0.19262295081967212,188,0,0.020459004335474096,0.022705767268518598,nan,0.0014912351846303497,0.0016419484978908994,nan,0.027839488349765983,0.031047932473550137,nan,0.05122044244176619,0.05513089106164549,nan,0.009754325322144396,0.010280982978671388,nan,0.2584602434613924,0.26747822892988476,nan
2021,rovuma_20,55,0.3408203125,0.390625,0.02734375,0.7818181818181819,0.3157894736842105,0.8,0.3673890608875129,0.12320916905444126,0.017777777777777778,12,43,0.00653329301219995,0.0006309810296126578,0.02463770785487411,0.008549312433098482,0.00024124045643110216,0.028154581189500913,0.004089422234096391,0.000282099193892474,0.025900720641455946,0.01000783280562764,0.00011694654230683311,0.04457755879551104,0.010673792008428405,0.002051209353808118,0.05341004934864695,0.011632551510566162,0.003763399468406547,0.04389961859339441
2021,rovuma_50,98,0.3310546875,0.357421875,0.005859375,0.9693877551020408,0.2634989200863931,0.9795918367346939,0.2915766738660907,0.28023598820059,0.004379562043795621,3,95,0.018842818409447785,nan,0.08822145016507235,0.01205710222629848,nan,0.059785490110092106,0.009757558808608124,nan,0.09817334443630577,0.029847758624325045,nan,0.1763611644226784,0.0294689119253949,nan,0.16111493808602426,0.026832516233559207,nan,0.20354946075007904
2021,rovuma_80,32,0.1806640625,0.2470703125,0.07421875,0.5,0.17036290322580644,0.53125,0.23790322580645162,0.08648648648648649,0.01907032181168057,16,16,0.0029752617291871246,0.0007581875046847112,0.016463037053593328,0.0009897370400961535,0.0006212590011187506,0.003785099144585343,0.0007339692617047596,0.0001917146701888888,0.0074878497083992355,0.0011558138407472573,0.0003387073111907903,0.011950373288431824,0.00781394118353323,0.003534006401791259,0.038825584221973,0.0050565772284376555,0.003989093499336469,0.015162522627033999
2021,save_20,42,0.0078125,0.0107421875,0.0,0.11904761904761904,0.003054989816700611,0.14285714285714285,0.0050916496945010185,0.625,0.03641732283464567,37,5,0.02610041859473164,0.019040114034468255,nan,0.04194705004985995,0.031003495370752854,nan,0.0007069411316449674,0.0005663881216731045,nan,0.00019252294739440857,0.00012235069934236767,nan,0.0030389664398596397,0.0027699910468462824,nan,0.020585270085899998,0.020692736123124614,nan
2021,save_50,47,0.2158203125,0.333984375,0.0,0.8297872340425532,0.1862845445240532,0.9148936170212766,0.3060388945752303,0.17647058823529413,0.009962640099626401,8,39,0.003965332582701249,0.0006449392087626267,0.0508675198792035,0.00529415775819673,0.0008896684039486789,0.042695643282921636,0.0046329381435650414,0.0001819525325557868,0.08889829831838589,0.014364358595555514,0.00013441350322218308,0.1322909210218382,0.004937504526289407,0.0009150352262466328,0.06991749200963386,0.08939775202993092,0.015599786255727681,0.29746979620606606
2021,save_80,46,0.0302734375,0.0302734375,0.0,0.3695652173913043,0.014314928425357873,0.3695652173913043,0.014314928425357873,0.5483870967741935,0.02920443101711984,29,17,0.01957631894939092,0.009098708986699138,0.32614079521536,0.03490247306104531,0.006854507847614431,0.35162056765008,0.0009672035118952905,0.00036507006984780126,0.25691083920613306,0.0005398417721232745,0.00020430354690633595,0.22297907806926687,0.008869932142712176,0.005237522570351966,0.17265098357651953,0.02881910113672359,0.029335395422520463,0.12490018410969006
2021,shire_20,80,0.1767578125,0.2333984375,0.0048828125,0.5375,0.1461864406779661,0.675,0.19597457627118645,0.23756906077348067,0.04389086595492289,37,43,0.02245109985703252,0.007886658615144159,0.09226352638768232,0.02605227629373289,0.002393845740335655,0.07055447889863793,0.005917709898173835,0.0009466742591358215,0.07473718509609267,0.00661728050822158,0.0008331633472340972,0.08416396601109082,0.02518047678115278,0.010360459440058105,0.14590236463904796,0.017739812371805747,0.015679836410159277,0.07695895366742256
2021,shire_50,73,0.35546875,0.6904296875,0.00390625,0.6575342465753424,0.3322818086225026,0.8767123287671232,0.676130389064143,0.13186813186813187,0.03787878787878788,25,48,0.01568305935205823,0.005070294640750604,0.034644898200810785,0.010781549956695734,0.0035495089923815405,0.021233864731664963,0.0022652760660908937,0.0005256913984287878,0.00864356399650072,0.0022910007169867895,0.0003625545833407433,0.00971703650437226,0.019755673452211915,0.01422223102093343,0.04142033909415458,0.004587985164071584,0.0021732143644717,0.01522606322191831
2021,shire_80,73,0.0908203125,0.580078125,0.0,0.3835616438356164,0.0683491062039958,0.9452054794520548,0.5520504731861199,0.3010752688172043,0.04833512352309345,45,28,0.05441331452457783,0.021341283546025748,0.08178862792661049,0.02808359176502904,0.009058294462314088,0.07344261590236195,0.006716692949222808,0.0019260251441063365,0.08187287052982961,0.003996994207781461,0.0006535020341817924,0.12280161812930634,0.013180786462152455,0.009900876058951862,0.08186474775354408,0.024782680135167472,0.022612907670022324,0.1755266235205859
2021,vicfalls_up,37,0.048828125,0.1708984375,0.0419921875,0.24324324324324326,0.04154002026342452,0.6216216216216216,0.1540020263424519,0.18,0.028747433264887063,28,9,0.0015044727205510177,0.0009885668799763652,0.045140384122526606,0.00124208236398251,0.0010319107041086232,0.022498377800685834,0.0014551560832134138,0.0009337881290365677,0.10278690109268152,0.0038034591763171834,0.0026262149655110053,0.04823372768263126,0.0037640129202137756,0.0023198780499363077,0.12886587224594637,0.07317780092188322,0.06746578666216134,0.14627336966861965
2021,zambezi_20,64,0.376953125,0.5966796875,0.201171875,0.5625,0.3645833333333333,0.65625,0.5927083333333333,0.09326424870466321,0.0438871473354232,28,36,0.007457962691985476,0.0027846917275320196,0.016329265508522362,0.009330805614336959,0.003671065291571871,0.01708462397769085,0.006140256951647631,0.0025209672805986925,0.015252701775618136,0.006202701877429627,0.0016381933636630713,0.01647687377289401,0.01296440561585514,0.008767112431987596,0.018952018702043886,0.014068001508151183,0.010560935719943118,0.023251631238109863
2021,zambezi_50,25,0.130859375,0.31640625,0.185546875,0.6,0.11911911911911911,0.68,0.3073073073073073,0.11194029850746269,0.011235955056179775,10,15,0.0007078945288896548,0.0002870257269408104,0.007704933373320116,0.0007673178475426551,0.00010057781324272271,0.01674002781496553,0.0009758169266567807,0.0002755488475253189,0.016721685537449592,0.0020900730356268704,0.0013740945934555314,0.028183038143733824,0.006883214205668567,0.0040113941869212395,0.02582689724247369,0.0027682806276774843,0.0004847296176540337,0.04191831545238441
2021,zambezi_80,147,0.05078125,0.0498046875,0.0,0.14965986394557823,0.03420752565564424,0.1564625850340136,0.03192702394526796,0.4230769230769231,0.1286008230452675,125,22,0.05190658295315554,0.04081185350106341,0.4262773353530853,0.07117403961021826,0.03989792389923424,0.3877465750583856,0.016557960010664875,0.00968705211963186,0.19433094825416974,0.010979533320348876,0.0045067541456744395,0.15078837473259782,0.030096938635447393,0.020823882733807135,0.44464692518513593,0.05180867193714422,0.04684284514313671,0.08225473877555223
