window,map,axis,hypothesis,predicted_period_px,fundamental_whitened_power,p_fundamental,n_harmonics,comb_whitened_power,p_comb,n_strips
chobe_east,class_boundary,col,encoder patch 4 px,4.398170646691414,68.67796634145881,1.4912078786468376e-30,1,68.67796634145881,1.4912078786468376e-30,1
chobe_east,class_boundary,col,2 patches 8 px,8.796341293382827,143.13239241354816,6.892738354772864e-63,2,105.90517937750349,2.187372494013601e-90,1
chobe_east,class_boundary,col,window 32 px,35.18536517353131,1.1940226597665322,0.3029999435529948,3,23.93028744762835,1.7572369400553701e-28,1
chobe_east,class_boundary,col,window 64 px,70.37073034706262,0.6931471805599453,0.5000000000000001,3,0.8473196390358909,0.5330960288828626,1
chobe_east,class_boundary,col,window 128 px,140.74146069412524,0.5638949719457809,0.5689885478010545,3,0.9694743460889038,0.4440168884032608,1
chobe_east,class_boundary,col,window 256 px,281.4829213882505,0.39232491162863464,0.6754846054988409,3,0.4772551343518301,0.8257699754958346,1
chobe_east,class_boundary,col,window 512 px,562.965842776501,0.8166299694751014,0.44191842645211854,3,0.7887849971395621,0.5785232106198861,1
chobe_east,class_boundary,col,warp duplication beat,11.045943952016234,0.35121911282628476,0.7038295188837024,3,1.90258215193549,0.07635317431417045,1
chobe_east,class_boundary,row,encoder patch 4 px,4.398170646691414,4.857991457388637,0.007766066712432268,1,4.857991457388637,0.007766066712432268,1
chobe_east,class_boundary,row,2 patches 8 px,8.796341293382827,1.2778689863623878,0.2786304334950631,2,3.0679302218755127,0.015441021066628023,1
chobe_east,class_boundary,row,window 32 px,35.18536517353131,0.9613949015228033,0.3823591604392174,3,10.059654054625303,3.8070019010561166e-11,1
chobe_east,class_boundary,row,window 64 px,70.37073034706262,1.2484578699177762,0.2869469653791877,3,1.2750723447052914,0.2648479868740054,1
chobe_east,class_boundary,row,window 128 px,140.74146069412524,0.6742538836236563,0.5095364523073924,3,0.7803653759795671,0.5851710654511091,1
chobe_east,class_boundary,row,window 256 px,281.4829213882505,0.422269262079755,0.6555574988511317,3,0.5996757270522503,0.7308815773500354,1
chobe_east,class_boundary,row,window 512 px,562.965842776501,1.0352582514469697,0.3551346550427565,3,0.8112546417396455,0.5609126728297182,1
chobe_east,class_boundary,row,warp duplication beat,11.045943952016234,0.22867841517454823,0.7955843402222927,3,2.0349517423432246,0.0574506433897333,1
chobe_east,change_gradient,col,encoder patch 4 px,4.398170646691414,106.85728166519657,3.9126610013467985e-47,1,106.85728166519657,3.9126610013467985e-47,1
chobe_east,change_gradient,col,2 patches 8 px,8.796341293382827,242.39714286234172,5.348825451487789e-106,2,174.62721226376914,7.330173893788515e-150,1
chobe_east,change_gradient,col,window 32 px,35.18536517353131,1.4761890376296933,0.22850686219069394,3,23.75101658959402,2.9645530035596015e-28,1
chobe_east,change_gradient,col,window 64 px,70.37073034706262,0.5743254603563492,0.5630845635938376,3,1.0123515337129958,0.4149397764265779,1
chobe_east,change_gradient,col,window 128 px,140.74146069412524,1.5271446664639108,0.2171548324094143,3,1.2946264131215894,0.2556164845662988,1
chobe_east,change_gradient,col,window 256 px,281.4829213882505,0.5247025316552185,0.5917313595370981,3,1.5570373437169236,0.15522659981880574,1
chobe_east,change_gradient,col,window 512 px,562.965842776501,0.5499211721354528,0.5769952918945718,3,0.8208425405367548,0.5534607464818908,1
chobe_east,change_gradient,col,warp duplication beat,11.045943952016234,1.7971728237376483,0.1657668785484136,3,2.2265795776781308,0.03766960915594563,1
chobe_east,change_gradient,row,encoder patch 4 px,4.398170646691414,0.5620079110489447,0.5700632775616845,1,0.5620079110489447,0.5700632775616845,1
chobe_east,change_gradient,row,2 patches 8 px,8.796341293382827,3.3076718537743903,0.03660128778635071,2,1.9348398824116675,0.10160611215912921,1
chobe_east,change_gradient,row,window 32 px,35.18536517353131,1.7831665861235142,0.1681049846497485,3,1.3765464568828467,0.2197166655076832,1
chobe_east,change_gradient,row,window 64 px,70.37073034706262,2.1979515371105096,0.11103036715521652,3,1.8957233650279257,0.0774734603966573,1
chobe_east,change_gradient,row,window 128 px,140.74146069412524,2.3964919228695507,0.09103675773501066,3,1.8251119335172508,0.08991300288064251,1
chobe_east,change_gradient,row,window 256 px,281.4829213882505,1.5115132057564826,0.22057594850045384,3,1.5527108643218541,0.15655717633335484,1
chobe_east,change_gradient,row,window 512 px,562.965842776501,0.4790234638768976,0.6193879512796542,3,0.8621296502308887,0.5218518982915088,1
chobe_east,change_gradient,row,warp duplication beat,11.045943952016234,0.6931471805599453,0.5000000000000001,3,0.626225876550326,0.7094733110976716,1
chobe_east,worldcover_boundary,col,encoder patch 4 px,4.398170646691414,0.22185630175340704,0.8010304627377047,1,0.22185630175340704,0.8010304627377047,1
chobe_east,worldcover_boundary,col,2 patches 8 px,8.796341293382827,0.2405190936060519,0.7862196335368484,2,0.23118769767972946,0.920983370672975,1
chobe_east,worldcover_boundary,col,window 32 px,35.18536517353131,1.5136809818839794,0.2200983071218301,3,1.352842224606583,0.22965253318616838,1
chobe_east,worldcover_boundary,col,window 64 px,70.37073034706262,0.7010977747648863,0.49604046408664904,3,1.1952724512212634,0.30526590971721207,1
chobe_east,worldcover_boundary,col,window 128 px,140.74146069412524,0.17009034240923845,0.84358860132705,3,0.8090348595350654,0.5626434651033387,1
chobe_east,worldcover_boundary,col,window 256 px,281.4829213882505,1.106380843218046,0.33075384756073434,3,1.144382688494612,0.33338934863497705,1
chobe_east,worldcover_boundary,col,window 512 px,562.965842776501,0.8872049790662518,0.4118051497238797,3,1.1038309872567111,0.3571235745152482,1
chobe_east,worldcover_boundary,col,warp duplication beat,11.045943952016234,0.6931471805599453,0.5000000000000001,3,0.8359270241081117,0.541818707984645,1
chobe_east,worldcover_boundary,row,encoder patch 4 px,4.398170646691414,1.8527837535481213,0.15680006546679032,1,1.8527837535481213,0.15680006546679032,1
chobe_east,worldcover_boundary,row,2 patches 8 px,8.796341293382827,1.6616635801435258,0.18982293162858405,2,1.7572236668458237,0.13436913050354518,1
chobe_east,worldcover_boundary,row,window 32 px,35.18536517353131,1.2927457201861585,0.2745160032253071,3,1.2312146501979877,0.28651033458201053,1
chobe_east,worldcover_boundary,row,window 64 px,70.37073034706262,0.6957800553117578,0.4986852941115285,3,0.974255668543912,0.4407142094824035,1
chobe_east,worldcover_boundary,row,window 128 px,140.74146069412524,0.7543289289901873,0.47032613108348587,3,1.2976986436190974,0.25418970149912895,1
chobe_east,worldcover_boundary,row,window 256 px,281.4829213882505,8.772067287729739,0.00015500281378940948,3,4.006976862208602,0.0005130790015178573,1
chobe_east,worldcover_boundary,row,window 512 px,562.965842776501,0.538171248341874,0.5838149292530675,3,3.247632193983648,0.003417223818154516,1
chobe_east,worldcover_boundary,row,warp duplication beat,11.045943952016234,1.2136493038340865,0.29711105015056705,3,1.2645441206843795,0.2699267109898008,1
sesheke,class_boundary,col,encoder patch 4 px,4.390827348057065,277.0900386333564,4.584851050508911e-121,1,277.0900386333564,4.584851050508911e-121,1
sesheke,class_boundary,col,2 patches 8 px,8.78165469611413,437.4876166540838,1.0035573271073543e-190,2,357.2888276437201,3.292487903687847e-308,1
sesheke,class_boundary,col,window 32 px,35.12661878445652,0.7909540105127555,0.453412029041092,3,150.22945869645164,1.8931070302123804e-191,1
sesheke,class_boundary,col,window 64 px,70.25323756891304,0.6931471805599453,0.5000000000000001,3,0.9788944819740787,0.4375242293138041,1
sesheke,class_boundary,col,window 128 px,140.50647513782607,1.5956750996267726,0.2027715912590249,3,1.088869522593712,0.36617649665391533,1
sesheke,class_boundary,col,window 256 px,281.01295027565214,0.7392402284187726,0.47747655085762264,3,0.9093482646765761,0.4867796828681036,1
sesheke,class_boundary,col,window 512 px,562.0259005513043,1.019837582369117,0.36065351190538186,3,0.8948084830379867,0.4974473672387817,1
sesheke,class_boundary,col,warp duplication beat,11.234698313424984,0.9519878463551512,0.3859730053245639,3,1.7726647026173872,0.10029951165307459,1
sesheke,class_boundary,row,encoder patch 4 px,4.390827348057065,4.4923358101892985,0.011194465101597198,1,4.4923358101892985,0.011194465101597198,1
sesheke,class_boundary,row,2 patches 8 px,8.78165469611413,7.482138495475065,0.00056305204294402,2,5.987237152832182,8.17789736391025e-05,1
sesheke,class_boundary,row,window 32 px,35.12661878445652,0.6781531962740646,0.5075534790020457,3,49.79307041232327,1.5093767726920623e-61,1
sesheke,class_boundary,row,window 64 px,70.25323756891304,2.244441769731494,0.10598668884054663,3,1.3382334072418807,0.23595726009091939,1
sesheke,class_boundary,row,window 128 px,140.50647513782607,0.6157800022671053,0.5402193586064493,3,1.1844563175195149,0.3110889102534706,1
sesheke,class_boundary,row,window 256 px,281.01295027565214,0.7925341855718497,0.45269612443757257,3,0.6232041845213447,0.7119168326058487,1
sesheke,class_boundary,row,window 512 px,562.0259005513043,0.7796245815986538,0.45857813766483524,3,0.6081539062960711,0.7240621154287402,1
sesheke,class_boundary,row,warp duplication beat,11.234698313424984,0.6931471805599453,0.5000000000000001,3,1.6404673188575354,0.13142989376728334,1
sesheke,change_gradient,col,encoder patch 4 px,4.390827348057065,261.1848221581003,3.705723229051217e-114,1,261.1848221581003,3.705723229051217e-114,1
sesheke,change_gradient,col,2 patches 8 px,8.78165469611413,57.44894969303492,1.122633912338862e-25,2,159.31688592556762,1.3297310097702793e-136,1
sesheke,change_gradient,col,window 32 px,35.12661878445652,1.3830839556208547,0.25080389109249535,3,16.725048842894825,2.1206291526225678e-19,1
sesheke,change_gradient,col,window 64 px,70.25323756891304,2.242406187797514,0.10620265316155555,3,1.2813098975157107,0.26187491003752583,1
sesheke,change_gradient,col,window 128 px,140.50647513782607,1.481309611690957,0.22733976652935473,3,1.529543144133627,0.1638518359353845,1
sesheke,change_gradient,col,window 256 px,281.01295027565214,0.04395876174738775,0.9569934213957892,3,0.8066571396671957,0.5644996539025096,1
sesheke,change_gradient,col,window 512 px,562.0259005513043,1.300189308806311,0.27248020524875655,3,1.2578263312955948,0.2732072193978741,1
sesheke,change_gradient,col,warp duplication beat,11.234698313424984,1.9929028791307022,0.1362991905370052,3,1.8416070052978892,0.08685424893493755,1
sesheke,change_gradient,row,encoder patch 4 px,4.390827348057065,3.204526654356861,0.040578104561704395,1,3.204526654356861,0.040578104561704395,1
sesheke,change_gradient,row,2 patches 8 px,8.78165469611413,4.560391898659536,0.010457959679851296,2,3.8824592765081984,0.0037195174867104205,1
sesheke,change_gradient,row,window 32 px,35.12661878445652,1.2408420526962824,0.28914064374361964,3,5.662216539845507,6.8077358019750194e-06,1
sesheke,change_gradient,row,window 64 px,70.25323756891304,4.194754313709317,0.01507444559178792,3,2.0077345398874544,0.06094148744830523,1
sesheke,change_gradient,row,window 128 px,140.50647513782607,5.012854956049376,0.006651885331165392,3,3.274701973287037,0.0031980861606797483,1
sesheke,change_gradient,row,window 256 px,281.01295027565214,1.8547647798451055,0.15648974788885878,3,2.802754470274482,0.0099817217261444,1
sesheke,change_gradient,row,window 512 px,562.0259005513043,1.441855092825134,0.2364886431229071,3,2.4548252896255147,0.022472927654777052,1
sesheke,change_gradient,row,warp duplication beat,11.234698313424984,0.7758891214292817,0.4602943414424435,3,0.8372267451470926,0.5408204716160112,1
sesheke,worldcover_boundary,col,encoder patch 4 px,4.390827348057065,4.956501802545865,0.007037503398905457,1,4.956501802545865,0.007037503398905457,1
sesheke,worldcover_boundary,col,2 patches 8 px,8.78165469611413,0.2536821562299512,0.775938390039387,2,2.605091979387908,0.03391175938347652,1
sesheke,worldcover_boundary,col,window 32 px,35.12661878445652,0.6296160508601699,0.5327963284323264,3,0.6386135493323978,0.6994421477270225,1
sesheke,worldcover_boundary,col,window 64 px,70.25323756891304,3.2543089613830047,0.03860749071428402,3,2.3576898941642486,0.028045632469136966,1
sesheke,worldcover_boundary,col,window 128 px,140.50647513782607,2.884406041684122,0.055887974807569685,3,2.4733432299112192,0.02153784363053892,1
sesheke,worldcover_boundary,col,window 256 px,281.01295027565214,0.957276703299256,0.3839370380308347,3,1.574096983596281,0.15007541867359045,1
sesheke,worldcover_boundary,col,window 512 px,562.0259005513043,0.9048464122787054,0.4046040225409716,3,0.7824823789162269,0.5834971862997405,1
sesheke,worldcover_boundary,col,warp duplication beat,11.234698313424984,1.4879856962948366,0.2258270820373737,3,1.0049605955813097,0.41986422191161665,1
sesheke,worldcover_boundary,row,encoder patch 4 px,4.390827348057065,3.40873507990134,0.033083021298813034,1,3.40873507990134,0.033083021298813034,1
sesheke,worldcover_boundary,row,2 patches 8 px,8.78165469611413,2.6610125812405854,0.06987742933508612,2,3.0348738305709624,0.01634353498881156,1
sesheke,worldcover_boundary,row,window 32 px,35.12661878445652,1.1378957469175648,0.3204927105359802,3,0.7725846075180799,0.5913363248828967,1
sesheke,worldcover_boundary,row,window 64 px,70.25323756891304,1.0030499694236608,0.36675912945097966,3,0.8498040197140716,0.5312021967914915,1
sesheke,worldcover_boundary,row,window 128 px,140.50647513782607,0.9139086483322124,0.4009539691828281,3,0.8269207548993448,0.5487573030198374,1
sesheke,worldcover_boundary,row,window 256 px,281.01295027565214,1.7244550723172227,0.17827016965984374,3,1.7673991199326444,0.10140003321641622,1
sesheke,worldcover_boundary,row,window 512 px,562.0259005513043,1.141724608201686,0.31926793464953845,3,1.1859335997576332,0.310288696602295,1
sesheke,worldcover_boundary,row,warp duplication beat,11.234698313424984,0.21430176485698124,0.8071047924084347,3,1.2214376125871318,0.2915221370524055,1
savuti_north,class_boundary,col,encoder patch 4 px,4.415873192716554,96.46514723031683,1.2756127806567279e-42,1,96.46514723031683,1.2756127806567279e-42,1
savuti_north,class_boundary,col,2 patches 8 px,8.831746385433108,286.4041403620666,4.1329699393930444e-125,2,191.43464379619172,2.0237854774075372e-164,1
savuti_north,class_boundary,col,window 32 px,35.326985541732434,0.5463826215341928,0.5790406355734785,3,36.422329755446626,2.1372053974430918e-44,1
savuti_north,class_boundary,col,window 64 px,70.65397108346487,4.461272181865374,0.011547663211141217,3,2.2127260695997983,0.03885136730387299,1
savuti_north,class_boundary,col,window 128 px,141.30794216692973,3.6001114737701614,0.027320676738697983,3,2.763723065236483,0.010947215602979125,1
savuti_north,class_boundary,col,window 256 px,282.61588433385947,0.5192309367044788,0.5949779477642234,3,1.9019819024865887,0.07645062022217443,1
savuti_north,class_boundary,col,window 512 px,565.2317686677189,0.8612802053613121,0.422620694568952,3,0.9676878239525224,0.4452547320828174,1
savuti_north,class_boundary,col,warp duplication beat,10.618316520647369,132.8770622580186,1.9598601832786466e-58,3,58.54272872115968,8.293766908620911e-73,1
savuti_north,class_boundary,row,encoder patch 4 px,4.415873192716554,2.9622868116924477,0.05170055245753503,1,2.9622868116924477,0.05170055245753503,1
savuti_north,class_boundary,row,2 patches 8 px,8.831746385433108,1.6730038450225575,0.18768244906251141,2,2.3176453283575027,0.05468083864337472,1
savuti_north,class_boundary,row,window 32 px,35.326985541732434,0.14137524578618907,0.868163475881185,3,2.460515051796736,0.02218157437970859,1
savuti_north,class_boundary,row,window 64 px,70.65397108346487,0.11853853985211837,0.8882175832228459,3,0.3585852274779029,0.9052498778549463,1
savuti_north,class_boundary,row,window 128 px,141.30794216692973,3.1181406417010407,0.044239348794957695,3,1.135238630402916,0.33863860460694806,1
savuti_north,class_boundary,row,window 256 px,282.61588433385947,1.4871866608040465,0.22600759800042933,3,2.119636470497571,0.04774239366372134,1
savuti_north,class_boundary,row,window 512 px,565.2317686677189,0.7865451502108722,0.4554154725423357,3,0.8656000236796322,0.5192331973968132,1
savuti_north,class_boundary,row,warp duplication beat,10.618316520647369,14.657240693936165,4.3096425128534693e-07,3,6.7275136755590035,3.861239462129023e-07,1
savuti_north,change_gradient,col,encoder patch 4 px,4.415873192716554,43.602041220737945,1.1584414755164242e-19,1,43.602041220737945,1.1584414755164242e-19,1
savuti_north,change_gradient,col,2 patches 8 px,8.831746385433108,153.51206234269455,2.1407128646940716e-67,2,98.55705178171624,4.913012971382962e-84,1
savuti_north,change_gradient,col,window 32 px,35.326985541732434,0.04965959766180027,0.9515532803384934,3,43.32645826456115,3.04842777993137e-53,1
savuti_north,change_gradient,col,window 64 px,70.65397108346487,0.671525558130348,0.510928531759396,3,0.4028949913598496,0.8775982466386075,1
savuti_north,change_gradient,col,window 128 px,141.30794216692973,2.357576852235148,0.09464929477415264,3,1.562456421891506,0.15357387642169248,1
savuti_north,change_gradient,col,window 256 px,282.61588433385947,3.578380377634103,0.02792088294079258,3,2.344527762528591,0.028894809110210473,1
savuti_north,change_gradient,col,window 512 px,565.2317686677189,0.6931471805599453,0.5000000000000001,3,2.0593793580875697,0.05447663829022701,1
savuti_north,change_gradient,col,warp duplication beat,10.618316520647369,105.41414690175947,1.6566001106353889e-46,3,39.680409331008015,1.441161211131538e-48,1
savuti_north,change_gradient,row,encoder patch 4 px,4.415873192716554,2.435213403509258,0.0875790553759396,1,2.435213403509258,0.0875790553759396,1
savuti_north,change_gradient,row,2 patches 8 px,8.831746385433108,5.7236582125144215,0.0032677349415374873,2,4.07943580801184,0.002621132950167491,1
savuti_north,change_gradient,row,window 32 px,35.326985541732434,0.17036069769760367,0.84336056351448,3,1.7676225285612002,0.10135311977583547,1
savuti_north,change_gradient,row,window 64 px,70.65397108346487,0.6931471805599453,0.5000000000000001,3,1.0145448497472955,0.4134855463034956,1
savuti_north,change_gradient,row,window 128 px,141.30794216692973,4.026580748500839,0.01783520887886551,3,2.8277917200633405,0.0094062217100415,1
savuti_north,change_gradient,row,window 256 px,282.61588433385947,2.5655886735556344,0.07687391447883789,3,2.6249449843323176,0.015162557475954795,1
savuti_north,change_gradient,row,window 512 px,565.2317686677189,0.6913554209245358,0.500896682897923,3,1.6157130082771711,0.13813114992310493,1
savuti_north,change_gradient,row,warp duplication beat,10.618316520647369,15.241668626160418,2.4023009921954815e-07,3,10.079458205332218,3.601077309504649e-11,1
savuti_north,worldcover_boundary,col,encoder patch 4 px,4.415873192716554,0.09076884380558682,0.9132287849933514,1,0.09076884380558682,0.9132287849933514,1
savuti_north,worldcover_boundary,col,2 patches 8 px,8.831746385433108,2.1524853073173107,0.11619501829289373,2,1.1216270755614488,0.34415024517596315,1
savuti_north,worldcover_boundary,col,window 32 px,35.326985541732434,1.4919610188342232,0.22493112858004305,3,1.2226237340771835,0.29091054246156306,1
savuti_north,worldcover_boundary,col,window 64 px,70.65397108346487,0.7609702150682607,0.4672129100355811,3,1.3516966376835533,0.23014190488557307,1
savuti_north,worldcover_boundary,col,window 128 px,141.30794216692973,0.2590212353683505,0.7718066332715299,3,0.534589842501422,0.7823838827346884,1
savuti_north,worldcover_boundary,col,window 256 px,282.61588433385947,1.968333953709844,0.13968939144642706,3,1.0701311001777052,0.37773886257785627,1
savuti_north,worldcover_boundary,col,window 512 px,565.2317686677189,0.8511086874741257,0.4269413249570033,3,1.289921956922144,0.2578136879420182,1
savuti_north,worldcover_boundary,col,warp duplication beat,10.618316520647369,0.6931471805599453,0.5000000000000001,3,0.8797234267685212,0.5086411285693908,1
savuti_north,worldcover_boundary,row,encoder patch 4 px,4.415873192716554,1.4532203998722966,0.23381609302463946,1,1.4532203998722966,0.23381609302463946,1
savuti_north,worldcover_boundary,row,2 patches 8 px,8.831746385433108,1.369566667838443,0.25421709613198734,2,1.4113935338553698,0.22722664755408142,1
savuti_north,worldcover_boundary,row,window 32 px,35.326985541732434,3.3205429413021754,0.03613320821619321,3,1.4196890090020922,0.2025458417862858,1
savuti_north,worldcover_boundary,row,window 64 px,70.65397108346487,0.1455527203758189,0.8645443097715355,3,2.172509771894441,0.04248257903460767,1
savuti_north,worldcover_boundary,row,window 128 px,141.30794216692973,0.8812152383584948,0.41427915772941626,3,0.3810624099296556,0.8915679468590013,1
savuti_north,worldcover_boundary,row,window 256 px,282.61588433385947,0.6115283981581437,0.5425210469178474,3,0.5870835780826452,0.7409736063681411,1
savuti_north,worldcover_boundary,row,window 512 px,565.2317686677189,1.0527860098082022,0.3489641759318123,3,1.0142196256426124,0.41370097221553676,1
savuti_north,worldcover_boundary,row,warp duplication beat,10.618316520647369,0.931706079799408,0.3938811441455178,3,0.9716060683283917,0.44254257240936423,1
kwando,class_boundary,col,encoder patch 4 px,4.382442668999991,453.82652141307375,8.047222491225584e-198,1,453.82652141307375,8.047222491225584e-198,1
kwando,class_boundary,col,2 patches 8 px,8.764885337999981,674.1594876026052,1.645336042731065e-293,2,563.9930045078395,0.0,1
kwando,class_boundary,col,window 32 px,35.059541351999925,3.0110037922094044,0.04924222498214511,3,247.10026385856725,0.0,1
kwando,class_boundary,col,window 64 px,70.11908270399985,2.784714706553309,0.06174670244790628,3,2.4802649626946374,0.02119794552674445,1
kwando,class_boundary,col,window 128 px,140.2381654079997,0.08255147490828055,0.9207640403923977,3,1.2235899543988917,0.29041306538000905,1
kwando,class_boundary,col,window 256 px,280.4763308159994,0.49223709096226237,0.6112574250399189,3,0.9012561504708388,0.49270180719372425,1
kwando,class_boundary,col,window 512 px,560.9526616319988,0.9864351793236835,0.3729036590893871,3,0.578314627956757,0.7479715931256528,1
kwando,class_boundary,col,warp duplication beat,11.459083999332975,0.5752425045733952,0.5625684268473665,3,0.7355675549683699,0.6209170260181796,1
kwando,class_boundary,row,encoder patch 4 px,4.382442668999991,0.6171873065915197,0.539459640269786,1,0.6171873065915197,0.539459640269786,1
kwando,class_boundary,row,2 patches 8 px,8.764885337999981,2.92541252924825,0.0536425582234288,2,1.7712999179198847,0.1314537320740775,1
kwando,class_boundary,row,window 32 px,35.059541351999925,0.6931471805599453,0.5000000000000001,3,48.46369548746623,7.717434792821269e-60,1
kwando,class_boundary,row,window 64 px,70.11908270399985,1.1233659434825471,0.32518340150860886,3,0.6742604916897957,0.6705104065912216,1
kwando,class_boundary,row,window 128 px,140.2381654079997,0.35415900999077743,0.7017633710960033,3,0.6804834428539017,0.6654586219896697,1
kwando,class_boundary,row,window 256 px,280.4763308159994,2.37785821995376,0.09274901291716472,3,1.0721915087711062,0.3764553547982242,1
kwando,class_boundary,row,window 512 px,560.9526616319988,0.802910547084432,0.44802307236236083,3,1.3434925941816716,0.23367148462708748,1
kwando,class_boundary,row,warp duplication beat,11.459083999332975,0.6918263379641092,0.5006608576463035,3,0.9549253686125178,0.454157345411891,1
kwando,change_gradient,col,encoder patch 4 px,4.382442668999991,133.41848276126532,1.1404838844462886e-58,1,133.41848276126532,1.1404838844462886e-58,1
kwando,change_gradient,col,2 patches 8 px,8.764885337999981,89.21765320136818,1.7917009595915706e-39,2,111.31806798131674,4.569794377334373e-95,1
kwando,change_gradient,col,window 32 px,35.059541351999925,1.4102479881560328,0.2440827460173967,3,10.32460070005653,1.808139098141468e-11,1
kwando,change_gradient,col,window 64 px,70.11908270399985,1.9825071207822067,0.13772351462200744,3,1.2960596930863506,0.25495005629365963,1
kwando,change_gradient,col,window 128 px,140.2381654079997,1.9790744086850018,0.13819709215935688,3,1.9029056747052397,0.07630070012177703,1
kwando,change_gradient,col,window 256 px,280.4763308159994,2.0558671535405924,0.12798180756775968,3,1.8566831382764863,0.08414182276995189,1
kwando,change_gradient,col,window 512 px,560.9526616319988,0.42554582133057894,0.6534130410039688,3,1.3091997471461434,0.248904988063525,1
kwando,change_gradient,col,warp duplication beat,11.459083999332975,1.3631486750476658,0.2558539065224639,3,1.0625313523580966,0.3824989111575521,1
kwando,change_gradient,row,encoder patch 4 px,4.382442668999991,0.4573780769533345,0.6329409944172648,1,0.4573780769533345,0.6329409944172648,1
kwando,change_gradient,row,2 patches 8 px,8.764885337999981,1.1794699804360391,0.3074416455122904,2,0.8184240286946868,0.513110646863652,1
kwando,change_gradient,row,window 32 px,35.059541351999925,0.8417353929800672,0.4309619857087098,3,0.9100571408617456,0.4862627114690422,1
kwando,change_gradient,row,window 64 px,70.11908270399985,0.9195405060330853,0.39870220025663794,3,0.944347084789111,0.4616148810816806,1
kwando,change_gradient,row,window 128 px,140.2381654079997,0.43918674240187683,0.6445604016327573,3,0.7557725203818513,0.6047236168277272,1
kwando,change_gradient,row,window 256 px,280.4763308159994,1.0245857949937658,0.3589451114809909,3,0.7492705288685392,0.6099231885240666,1
kwando,change_gradient,row,window 512 px,560.9526616319988,0.19067089163748593,0.8264045200395747,3,1.0991314590873065,0.3599500190815129,1
kwando,change_gradient,row,warp duplication beat,11.459083999332975,1.100401219514144,0.3327375561123334,3,0.9250022599904932,0.47543261633811984,1
kwando,worldcover_boundary,col,encoder patch 4 px,4.382442668999991,2.090267193817309,0.12365409179425965,1,2.090267193817309,0.12365409179425965,1
kwando,worldcover_boundary,col,2 patches 8 px,8.764885337999981,0.6047065294438582,0.5462347069230118,2,1.3474868616305837,0.2495738837638361,1
kwando,worldcover_boundary,col,window 32 px,35.059541351999925,4.553124943962267,0.010534234004439726,3,2.8301325194808005,0.009354084856756466,1
kwando,worldcover_boundary,col,window 64 px,70.11908270399985,0.6931471805599453,0.5000000000000001,3,1.8040031012420064,0.0939700181910565,1
kwando,worldcover_boundary,col,window 128 px,140.2381654079997,1.0311471466840743,0.3565976560291972,3,1.350986359435782,0.2304457498573964,1
kwando,worldcover_boundary,col,window 256 px,280.4763308159994,0.68470040940078,0.504241272893214,3,1.0431490408643205,0.39482235681167016,1
kwando,worldcover_boundary,col,window 512 px,560.9526616319988,0.9105169532600623,0.402316191599923,3,0.8270875018510297,0.5486285026716178,1
kwando,worldcover_boundary,col,warp duplication beat,11.459083999332975,1.3742673399776169,0.25302490914621706,3,1.4805771198304682,0.18023890257051628,1
kwando,worldcover_boundary,row,encoder patch 4 px,4.382442668999991,0.6167834924047809,0.5396775257153563,1,0.6167834924047809,0.5396775257153563,1
kwando,worldcover_boundary,row,2 patches 8 px,8.764885337999981,0.21287241906069962,0.8082592491129923,2,0.4148279557327403,0.7980947224113838,1
kwando,worldcover_boundary,row,window 32 px,35.059541351999925,2.995942597151487,0.04998948492594807,3,2.060186987667707,0.05438080163620586,1
kwando,worldcover_boundary,row,window 64 px,70.11908270399985,1.0395443805118383,0.3536157594923078,3,1.5084489532110854,0.17074710089598852,1
kwando,worldcover_boundary,row,window 128 px,140.2381654079997,1.8643934080686466,0.15499019717910567,3,1.6045948387817415,0.1412375983142597,1
kwando,worldcover_boundary,row,window 256 px,280.4763308159994,1.031480863926168,0.35647867309732223,3,1.4967317060161156,0.17468391758275653,1
kwando,worldcover_boundary,row,window 512 px,560.9526616319988,0.8280848621058606,0.43688518100478624,3,0.7278147345922742,0.6271563397348652,1
kwando,worldcover_boundary,row,warp duplication beat,11.459083999332975,0.6273925191554703,0.5339823360348519,3,1.3232137781840152,0.24258545830198452,1
barotse,class_boundary,col,encoder patch 4 px,4.339249233005269,327.787505887505,4.4024553115734e-143,1,327.787505887505,4.4024553115734e-143,1
barotse,class_boundary,col,2 patches 8 px,8.678498466010538,118.32764633187492,4.082781530549802e-52,2,223.05757610968996,8.036565442420794e-192,1
barotse,class_boundary,col,window 32 px,34.71399386404215,1.1991655406425252,0.301445651134065,3,42.27042338058582,6.897632071753315e-52,1
barotse,class_boundary,col,window 64 px,69.4279877280843,1.1675359048191312,0.3111326579617312,3,0.9758614079234001,0.43960839436769206,1
barotse,class_boundary,col,window 128 px,138.8559754561686,0.13517382921587504,0.8735640475358037,3,0.5159273776000269,0.7967605032227575,1
barotse,class_boundary,col,window 256 px,277.7119509123372,1.3074747969679308,0.2705022678078411,3,1.2111971263868766,0.29684357888491675,1
barotse,class_boundary,col,window 512 px,555.4239018246744,0.7830685941915693,0.457001505313117,3,0.8181949391140965,0.5555145855683712,1
barotse,class_boundary,col,warp duplication beat,12.790741469230896,3.60335047328908,0.027232328237500766,3,1.5448401577476905,0.1590031557611945,1
barotse,class_boundary,row,encoder patch 4 px,4.339249233005269,1.4355944989821632,0.23797384674324779,1,1.4355944989821632,0.23797384674324779,1
barotse,class_boundary,row,2 patches 8 px,8.678498466010538,5.870615790732927,0.0028211355698804616,2,3.653105144857545,0.005576428133380044,1
barotse,class_boundary,row,window 32 px,34.71399386404215,0.9683485433299626,0.3797095945381735,3,17.959625984675977,6.006552027764229e-21,1
barotse,class_boundary,row,window 64 px,69.4279877280843,1.0001334904206627,0.3678303360676906,3,0.6983280394920502,0.650985881456319,1
barotse,class_boundary,row,window 128 px,138.8559754561686,2.2549218910886246,0.10488173561454543,3,1.6542538211538231,0.127823652165438,1
barotse,class_boundary,row,window 256 px,277.7119509123372,2.3489941884628913,0.09546513387580112,3,2.217435838829666,0.03844574493421458,1
barotse,class_boundary,row,window 512 px,555.4239018246744,0.6754099753353973,0.5089477218168424,3,2.1106711361763764,0.04869254060820604,1
barotse,class_boundary,row,warp duplication beat,12.790741469230896,0.6931471805599453,0.5000000000000001,3,1.7774077658919223,0.09931744044784657,1
barotse,change_gradient,col,encoder patch 4 px,4.339249233005269,347.3427270441856,1.4156970121640005e-151,1,347.3427270441856,1.4156970121640005e-151,1
barotse,change_gradient,col,2 patches 8 px,8.678498466010538,38.19671556457936,2.578559774991338e-17,2,192.76972130438247,1.4110465298139402e-165,1
barotse,change_gradient,col,window 32 px,34.71399386404215,1.3295299969271932,0.2646015956417949,3,14.48382934708759,1.3311311958308537e-16,1
barotse,change_gradient,col,window 64 px,69.4279877280843,0.24957661273011197,0.7791305872212488,3,0.9767085928077508,0.43902564794009014,1
barotse,change_gradient,col,window 128 px,138.8559754561686,1.6146735051698926,0.19895561781838972,3,0.726315385208398,0.6283644372226245,1
barotse,change_gradient,col,window 256 px,277.7119509123372,0.7990738350492473,0.44974530962769343,3,1.1453967248469266,0.33281091072364066,1
barotse,change_gradient,col,window 512 px,555.4239018246744,0.8509171475242568,0.4270231091091986,3,1.8258785849223444,0.08976869647747011,1
barotse,change_gradient,col,warp duplication beat,12.790741469230896,1.0967239452386448,0.3339633758242346,3,0.6692072131358037,0.6746134726944855,1
barotse,change_gradient,row,encoder patch 4 px,4.339249233005269,0.30757751391607235,0.7352258751021984,1,0.30757751391607235,0.7352258751021984,1
barotse,change_gradient,row,2 patches 8 px,8.678498466010538,0.19939406916876926,0.8192269976134975,2,0.2534857915424208,0.9076744315573352,1
barotse,change_gradient,row,window 32 px,34.71399386404215,0.7290417767937796,0.48237098778089726,3,4.870292812195808,5.523053509814045e-05,1
barotse,change_gradient,row,window 64 px,69.4279877280843,1.6088095034945384,0.20012572128596512,3,2.0658528523640602,0.053712866283265756,1
barotse,change_gradient,row,window 128 px,138.8559754561686,0.8513260036641417,0.42684855377560804,3,1.1978014203986496,0.3039163832693347,1
barotse,change_gradient,row,window 256 px,277.7119509123372,0.7405067781497804,0.4768721858705184,3,0.7042530597273613,0.6461872525893821,1
barotse,change_gradient,row,window 512 px,555.4239018246744,0.6805305303427838,0.5063482879631915,3,0.530533652677081,0.785526736424,1
barotse,change_gradient,row,warp duplication beat,12.790741469230896,2.264811870841612,0.10384956983533214,3,1.953352899904141,0.06851194184053086,1
barotse,worldcover_boundary,col,encoder patch 4 px,4.339249233005269,1.1592997459473398,0.31370577772903885,1,1.1592997459473398,0.31370577772903885,1
barotse,worldcover_boundary,col,2 patches 8 px,8.678498466010538,0.12530691972912758,0.8822260884355267,2,0.6423033328382337,0.63228641847488,1
barotse,worldcover_boundary,col,window 32 px,34.71399386404215,1.0382242580225647,0.35408288387183545,3,0.6117872919133668,0.721134316791504,1
barotse,worldcover_boundary,col,window 64 px,69.4279877280843,1.6290493299312037,0.19611592707467362,3,1.8262811876655427,0.08969299910613936,1
barotse,worldcover_boundary,col,window 128 px,138.8559754561686,0.10332670979640253,0.901832287902635,3,0.8085077400958505,0.5630547658633038,1
barotse,worldcover_boundary,col,window 256 px,277.7119509123372,1.6995418545290624,0.1827672388572093,3,1.0389654839669813,0.3975166955519138,1
barotse,worldcover_boundary,col,window 512 px,555.4239018246744,0.5022699723918062,0.6051554133364825,3,0.9986718082910541,0.42408338512369226,1
barotse,worldcover_boundary,col,warp duplication beat,12.790741469230896,0.9892173131026897,0.3718676330728676,3,1.2609370432447182,0.27168428607356515,1
barotse,worldcover_boundary,row,encoder patch 4 px,4.339249233005269,1.4404051449676438,0.2368317880353216,1,1.4404051449676438,0.2368317880353216,1
barotse,worldcover_boundary,row,2 patches 8 px,8.678498466010538,2.2795221117955977,0.10233309881297134,2,1.8599636283816208,0.11439088623507507,1
barotse,worldcover_boundary,row,window 32 px,34.71399386404215,1.2762449204267476,0.2790833153461857,3,1.4960693974698926,0.17490874763155947,1
barotse,worldcover_boundary,row,window 64 px,69.4279877280843,1.6512918305916662,0.1918019728536556,3,2.543537370033085,0.018319436673982916,1
barotse,worldcover_boundary,row,window 128 px,138.8559754561686,1.835269715050644,0.15957045740952172,3,1.7040855317396602,0.11551015278959251,1
barotse,worldcover_boundary,row,window 256 px,277.7119509123372,1.8298895034706562,0.16043129389699098,3,1.939950672966016,0.07050645922506726,1
barotse,worldcover_boundary,row,window 512 px,555.4239018246744,0.9469879418073078,0.38790766603829413,3,1.1768235410089811,0.31524816302907027,1
barotse,worldcover_boundary,row,warp duplication beat,12.790741469230896,3.4279760154585786,0.032452557821921676,3,2.0524403421487953,0.05530655029529237,1
