task,event,capture5 boundary first,capture5 confidence,controls beating confidence,eaurc averaged confidence,"eaurc boundary first, then confidence",eaurc boundary indicator,eaurc control NDWI level,eaurc control S1 level,eaurc tile-phase,n_chips,n_chips_scored,n_errors,n_windows,primary control,primary sign_p per chip,s2_b02_p01,scorable,window_acc
A,EMSR162-1,1.0,1.0,,1.9379704340086294e-05,1.9379704340086294e-05,3.891191082712887e-05,3.888110286895223e-05,0.001101481268480225,1.9379704340086294e-05,2,0,1,322,control NDWI level,1.0,142.0,False,0.9968944099378882
A,EMSR162-2,0.0,0.0,,0.0004737650842916766,0.0004737650842916766,0.002096426806016524,0.0005700467959920032,0.00022355577710580506,0.0005527320907161857,3,0,1,476,control NDWI level,1.0,110.0,False,0.9978991596638656
A,EMSR162-3,1.0,1.0,,0.00015274964023698938,0.00015274964023698938,0.005082501057210816,0.0003673721172140304,0.006494621516280074,0.00019324930287254046,2,0,2,392,control NDWI level,1.0,92.0,False,0.9948979591836735
A,EMSR162-4,0.0,0.0,,0.0,0.0,0.0,0.0,0.0,0.0,4,0,0,700,control NDWI level,1.0,140.0,False,1.0
A,EMSR187-1,0.7282608695652174,0.7010869565217391,"boundary first, then confidence",0.00031129002819269756,0.0002933709724050628,0.001417941908480942,0.002918016685530689,0.005227350251530037,0.0003477904984010599,217,12,184,41708,control NDWI level,0.003173828125,1.0,True,0.99558837633068
A,EMSR192-1,0.9518072289156626,0.9518072289156626,"boundary first, then confidence",0.00010295576175401202,6.788587967524186e-05,0.0007772092840437078,0.005058490622993514,0.006466275070075209,0.00012312042965233845,56,6,83,10848,control NDWI level,0.109375,1.0,True,0.992348820058997
A,EMSR192-10,0.8992248062015504,0.7984496124031008,"boundary first, then confidence",0.0006390966297786225,0.0005367298990290206,0.0014372036313890894,0.009006875336246582,0.013752299759932281,0.0006513460672148557,55,10,129,10220,control NDWI level,0.0546875,1.0,True,0.9873776908023484
A,EMSR192-11,0.8091603053435115,0.8091603053435115,"boundary first, then confidence",0.0004806555429089571,0.0004685138032917406,0.003288330345089376,0.015059711874039311,0.009923738450746325,0.0005044399123095119,52,9,131,9757,control NDWI level,0.001953125,1.0,True,0.9865737419288716
A,EMSR192-12,1.0,1.0,"tile-phase;boundary first, then confidence",6.636961230507256e-06,4.5803328912037555e-06,0.00011248887259256632,0.001064214359087941,0.0023289353683245933,5.796463772602173e-06,49,3,21,9422,control NDWI level,0.125,1.0,True,0.9977711738484398
A,EMSR192-13,0.7212121212121212,0.6424242424242425,"tile-phase;boundary first, then confidence",0.0014592431873449462,0.001147205243640884,0.0032583724909203424,0.010980330345994294,0.018337959370747697,0.0014400292806139006,47,11,165,9212,control NDWI level,0.00048828125,1.0,True,0.9820885801128962
A,EMSR192-14,0.6062992125984252,0.6614173228346457,,0.0010201518659410207,0.0010654348018460861,0.005208023925322129,0.00791168127044979,0.010226973933955396,0.001065431200019235,55,13,127,10216,control NDWI level,0.0001220703125,1.0,True,0.9875685199686766
A,EMSR192-15,1.0,1.0,"boundary indicator;boundary first, then confidence",1.4697769253992094e-05,4.93293357723997e-06,3.463219255532763e-06,0.0004083225076082105,0.004755152086596379,2.0893797718687596e-05,56,3,26,10416,control NDWI level,0.125,1.0,True,0.9975038402457758
A,EMSR192-16,0.5714285714285714,0.7142857142857143,,0.00032511847667395633,0.0005784635472367928,0.0032320373693126916,0.008701331545911,0.0007564350545883873,0.00037211497397642945,6,2,7,1091,control NDWI level,0.25,1.0,True,0.9935838680109991
A,EMSR192-19,0.6153846153846154,0.6153846153846154,"tile-phase;boundary indicator;boundary first, then confidence",0.0009276510712460282,0.0008989262327877402,8.098799688835282e-05,0.04902804606959459,0.04330045025304004,0.0008480113548626862,2,1,13,392,control NDWI level,0.5,1.0,True,0.9668367346938775
A,EMSR192-2,0.9473684210526315,0.9824561403508771,,8.554308810617222e-05,9.091668860670033e-05,0.0018858774713393929,0.005204010938811283,0.005028257154903369,0.00010204733048835869,42,4,57,8232,control NDWI level,0.0625,1.0,True,0.9930758017492711
A,EMSR192-20,0.0,0.0,,0.0,0.0,0.0,0.0,0.0,0.0,2,0,0,392,control NDWI level,1.0,1.0,False,1.0
A,EMSR192-21,0.0,0.0,,0.0,0.0,0.0,0.0,0.0,0.0,2,0,0,364,control NDWI level,1.0,1.0,False,1.0
A,EMSR192-22,1.0,1.0,"tile-phase;boundary indicator;boundary first, then confidence",2.784343132212816e-05,2.1383779618102204e-05,0.0,0.004556462411283861,0.004220476314117754,2.3496153187516888e-05,4,0,4,686,control NDWI level,1.0,1.0,True,0.9941690962099126
A,EMSR192-24,0.0,0.0,,0.0,0.0,0.0,0.0,0.0,0.0,2,0,0,392,control NDWI level,1.0,1.0,False,1.0
A,EMSR192-29,0.8947368421052632,0.8421052631578947,,0.0001225127569763158,0.00012875045830286426,0.002125327953012858,0.0057778142242951485,0.005357451715113756,0.00013991035031467455,15,3,19,2940,control NDWI level,0.125,1.0,True,0.9935374149659864
A,EMSR192-3,1.0,1.0,"boundary indicator;boundary first, then confidence",1.2440502532100442e-05,5.069797627361787e-06,6.06928360979408e-06,0.002452504755678172,0.0024188595749255813,1.6246330634384515e-05,48,3,27,9324,control NDWI level,0.125,1.0,True,0.997104247104247
A,EMSR192-30,1.0,0.975609756097561,"boundary indicator;boundary first, then confidence",9.620525295529311e-05,6.092073777301046e-05,2.8039485860743673e-05,0.005837617904131568,0.005621569997868484,0.00020323652376659526,20,5,41,3920,control NDWI level,0.03125,1.0,True,0.9895408163265306
A,EMSR192-31,1.0,1.0,"tile-phase;boundary indicator;boundary first, then confidence",6.636720272715268e-05,2.879085779693857e-05,1.8681439171682757e-05,0.01768723168686539,0.004428958901963108,5.70767867920849e-05,9,2,14,1694,control NDWI level,0.25,1.0,True,0.9917355371900827
A,EMSR192-32,1.0,1.0,"boundary indicator;boundary first, then confidence",3.698759469631776e-05,1.9798369433320763e-05,4.315920518282803e-06,0.025667522708378798,0.008134534697452418,4.7887666975134164e-05,8,2,13,1568,control NDWI level,0.25,1.0,True,0.9917091836734694
A,EMSR192-33,0.95,0.8,"boundary first, then confidence",0.00028961320349847906,0.00013308785302092415,0.002662628408170686,0.05376309034412603,0.009335599903456103,0.00030587136259353174,9,1,20,1549,control NDWI level,0.5,1.0,True,0.987088444157521
A,EMSR192-4,0.9482758620689655,0.9310344827586207,"boundary first, then confidence",8.168019735193554e-05,8.083059078856298e-05,0.0006362510682563869,0.0027474351150461283,0.0034663998208320783,9.462940270619581e-05,53,7,58,10094,control NDWI level,0.0078125,1.0,True,0.9942540122845255
A,EMSR192-5,0.8431372549019608,0.8169934640522876,"boundary first, then confidence",0.0004891650224088601,0.00030443047498169337,0.0026700766566980453,0.01178597216633989,0.010654907741640018,0.0004895554006288221,56,11,153,10976,control NDWI level,0.005859375,1.0,True,0.9860604956268222
A,EMSR192-6,0.8529411764705882,0.8235294117647058,"boundary first, then confidence",0.0004087188508364712,0.000352867807644581,0.0013531756884903995,0.011837352466702443,0.0069322711047530025,0.0004691696050722337,36,12,68,6776,control NDWI level,0.000244140625,1.0,True,0.9899645808736718
A,EMSR192-7,0.9140625,0.8203125,"boundary first, then confidence",0.0003981466584018144,0.00020953215504496744,0.0012098885913444093,0.006073952996327073,0.020046378248542003,0.0004775587857431532,53,11,128,9953,control NDWI level,0.03271484375,1.0,True,0.9871395559127901
A,EMSR192-8,1.0,1.0,"boundary indicator;boundary first, then confidence",1.3953717752207717e-05,4.730287721594558e-06,6.344254580053952e-07,0.004247537569011355,0.002456940429416048,1.579868833909168e-05,29,3,13,5623,control NDWI level,0.125,1.0,True,0.9976880668682198
A,EMSR192-9,0.898876404494382,0.8651685393258427,"tile-phase;boundary first, then confidence",0.0002350407878368859,0.00018750754751758813,0.0010386520726458045,0.020641964253458708,0.008434844543342947,0.00021320003697678186,48,8,89,9408,control NDWI level,0.00390625,1.0,True,0.9905399659863946
A,EMSR199-9,0.3391812865497076,0.4502923976608187,,0.007295747349887463,0.007815778477171138,0.030141855085286235,0.008447729422430491,0.11607255982185229,0.007838318012338065,19,5,171,3394,control NDWI level,0.1875,171.0,True,0.9496169711255156
A,EMSR215-1,0.9482758620689655,0.9137931034482759,"tile-phase;boundary first, then confidence",0.0001879500601992046,0.00013990178635148138,0.0007996135737473034,0.002374085584505185,0.022878243411927485,0.00015420409962990412,23,3,58,4424,control NDWI level,0.5,134.0,True,0.9868896925858951
A,EMSR238-1,1.0,1.0,"boundary indicator;boundary first, then confidence",0.00023669583318809017,0.00017823871464402885,0.00010596754082296074,0.002982275295396831,0.019673263855774725,0.00031074587311487794,11,2,28,1985,control NDWI level,0.25,71.0,True,0.9858942065491184
A,EMSR238-2,1.0,1.0,"tile-phase;boundary indicator;boundary first, then confidence",3.6789657788551988e-06,2.5738323586364907e-06,3.0317267665451763e-06,3.920261525797305e-05,0.0007261162285689368,3.1223264221527426e-06,12,1,3,2336,control NDWI level,0.5,78.0,True,0.9987157534246576
A,EMSR238-3,0.0,0.0,,0.0,0.0,0.0,0.0,0.0,0.0,11,0,0,2034,control NDWI level,1.0,79.0,False,1.0
A,EMSR238-4,1.0,1.0,,0.0,0.0,0.0,5.1039449703787985e-05,0.0001504996353451683,1.8084647725530027e-07,12,0,1,2352,control NDWI level,1.0,102.0,False,0.9995748299319728
A,EMSR258-14,1.0,1.0,,2.3090096105833238e-07,1.3190744572517282e-07,0.0,1.7184014269925318e-06,7.000010458361497e-05,7.263552432196084e-07,30,0,2,5508,control NDWI level,1.0,276.0,False,0.9996368917937546
A,EMSR261-1,0.984182776801406,0.984182776801406,"boundary first, then confidence",7.509816753458257e-05,6.660667849625181e-05,0.000852575571967881,0.0008440160403274941,0.013144800255852568,7.916924816233174e-05,349,37,569,67620,control NDWI level,0.010036925959866494,128.0,True,0.9915853297840875
A,EMSR261-2,1.0,1.0,"tile-phase;boundary indicator;boundary first, then confidence",5.298327768715864e-06,3.230782258461192e-06,2.2823038135298245e-06,0.00019210293819129685,0.0032799308727446646,4.574307069429011e-06,307,13,125,59273,control NDWI level,0.046142578125,103.0,True,0.9978911139979417
A,EMSR261-3,0.958656330749354,0.9457364341085271,"tile-phase;boundary first, then confidence",0.0001676710869997545,0.00014546292098523394,0.0007203300337866812,0.001260834091263004,0.012754966122505965,0.00015852648756642244,247,30,387,48021,control NDWI level,0.002611439675092697,174.0,True,0.991941025801212
A,EMSR273-1,1.0,1.0,"control NDWI level;boundary indicator;boundary first, then confidence",9.634738909410041e-05,7.261949972041514e-05,4.171355218884187e-05,2.4325770156520455e-05,0.006310965086643199,0.00015103404594404114,9,2,14,1764,control NDWI level,1.0,224.0,True,0.9920634920634921
A,EMSR273-2,0.8648648648648649,0.918918918918919,,0.00012837975945227074,0.00015241649952716185,0.002151183210946792,0.0014140263380941522,0.0030850047728613254,0.00013466940873159143,36,3,37,6764,control NDWI level,0.125,198.0,True,0.9945298639858072
A,EMSR273-3,0.5714285714285714,0.5285714285714286,"control NDWI level;boundary first, then confidence",0.001999785331545209,0.0017658466867534468,0.00904256136806304,0.0018253039145014996,0.031309152248549035,0.0021280926654374185,30,7,140,5740,control NDWI level,0.5,189.0,True,0.975609756097561
A,EMSR273-4,0.4861111111111111,0.4675925925925926,,0.0036351806818226513,0.0036701891728205763,0.012815004272874657,0.011455645183037195,0.04754857179786459,0.003778124211354931,25,12,216,4738,control NDWI level,0.072998046875,187.0,True,0.9544111439425919
A,EMSR273-5,0.8823529411764706,0.8823529411764706,,0.00011695219690823993,0.00012341016304903742,0.001621542802624656,0.0008236052769068573,0.004340650603644744,0.0001349186660762653,26,2,17,5011,control NDWI level,0.25,190.0,True,0.9966074635801238
A,EMSR275-1,0.8125,0.8392857142857143,,0.0003548121117107675,0.0003600760117552681,0.0016721223514075806,0.0027856056543352162,0.005749514518035454,0.00036880361524799904,179,31,224,35084,control NDWI level,2.3245811462402344e-06,223.0,True,0.9936153232242618
A,EMSR275-2,0.8165137614678899,0.7935779816513762,,0.0002678595354278104,0.0002796128824669337,0.002230197355239885,0.0015946396907647869,0.005346746872007223,0.00027740359717809914,180,27,218,35280,control NDWI level,2.4616718292236328e-05,184.0,True,0.9938208616780045
A,EMSR275-3,0.8406593406593407,0.8956043956043956,,0.00011852934690689602,0.00015077845018553025,0.0027750118348792694,0.0015598696226130457,0.00504353478100184,0.00013915460781075963,151,20,182,29403,control NDWI level,0.13158798217773438,168.0,True,0.993810155426317
A,EMSR279-1,0.8254716981132075,0.8207547169811321,"tile-phase;boundary first, then confidence",0.0001412202024557418,0.00013765955102986916,0.0007252121620052041,0.0004986200288875015,0.004463624434885148,0.00013704479546124512,399,23,212,78204,control NDWI level,0.14313936233520508,53.0,True,0.9972891412203979
A,EMSR279-10,0.9914529914529915,0.9914529914529915,,9.246611768825832e-06,1.224254912704208e-05,0.0010292697566525399,0.001384909950602795,0.002301155666633379,1.0047621542514417e-05,336,13,117,65681,control NDWI level,0.0001220703125,135.0,True,0.9982186629314413
A,EMSR279-11,0.07568216921228763,0.09962244722841943,,0.023069157302944808,0.024519132227034494,0.24349848192731918,0.15719414630088194,0.4813135025250851,0.02761093883369941,400,56,23308,78028,control NDWI level,0.9592865926952469,10.0,True,0.701286717588558
A,EMSR279-2,0.7847222222222222,0.7777777777777778,"boundary first, then confidence",0.00018306201378425868,0.0001803628119190225,0.0018264673738684325,0.0019653864736825575,0.004077200023732436,0.00018416713145242018,188,11,144,36553,control NDWI level,0.00048828125,1.0,True,0.9960605148688206
A,EMSR279-3,0.7732342007434945,0.7769516728624535,,0.00025868012181067104,0.00026258119346308806,0.002035987257516266,0.0031376481903428242,0.003778459133136054,0.00027374500946322533,346,29,269,67249,control NDWI level,1.862645149230957e-09,88.0,True,0.9959999405195616
A,EMSR279-4,0.8769230769230769,0.8769230769230769,,5.4068493497496114e-05,5.5953933687691396e-05,0.001237887410184555,0.003306051113647419,0.0034025488118889276,5.5886339600380796e-05,129,8,65,25219,control NDWI level,0.03515625,160.0,True,0.997422578214838
A,POOLED,0.39567986904380625,0.4334721184299491,,0.002785371220998821,0.00290280729040099,0.026692622881961697,0.012944701617846104,0.10347522097476972,0.0039979204434229055,4497,477,28101,870728,control NDWI level,1.628639000720477e-42,1.0,True,0.9677270054483145
B,EMSR162-1,1.0,1.0,,7.794609458560423e-05,7.794609458560423e-05,3.8850584098687754e-05,7.788428441798001e-05,0.001482444126880071,8.780511065580043e-05,2,0,2,322,control S1 level,1.0,142.0,False,0.9937888198757764
B,EMSR162-2,0.0,0.0,,0.00025824023363942716,0.00025824023363942716,0.002096426806016524,0.0005700467959920032,0.00022355577710580506,0.000218647271647547,3,0,1,476,control S1 level,1.0,110.0,False,0.9978991596638656
B,EMSR162-3,1.0,1.0,,2.6164397889392795e-05,2.6164397889392795e-05,0.005082501057210816,0.0003673721172140304,0.006494621516280074,2.6198114786143564e-05,2,0,2,392,control S1 level,1.0,92.0,False,0.9948979591836735
B,EMSR162-4,0.0,0.0,,0.0,0.0,0.0,0.0,0.0,0.0,4,0,0,700,control S1 level,1.0,140.0,False,1.0
B,EMSR187-1,0.39483870967741935,0.3032258064516129,"boundary first, then confidence",0.004587994941121678,0.004291008510948825,0.023923764702026677,0.04085127665297667,0.03370330886413934,0.005098018754392003,217,39,1550,41708,control S1 level,1.2149539543315768e-06,1.0,True,0.9628368658290976
B,EMSR192-1,0.6830985915492958,0.6901408450704225,tile-phase,0.002182403154896911,0.0022025392206113277,0.00944063146767015,0.014731840815312699,0.018186619102577524,0.0018761528298013555,56,9,142,10848,control S1 level,0.01953125,1.0,True,0.986910029498525
B,EMSR192-10,0.6230366492146597,0.6858638743455497,"tile-phase;boundary first, then confidence",0.001400265668242459,0.0013861695635840718,0.008081399522520056,0.012562963108653702,0.011466177543214098,0.0012943418419087175,55,13,191,10220,control S1 level,0.01123046875,1.0,True,0.9813111545988258
B,EMSR192-11,0.8873239436619719,0.8802816901408451,tile-phase,0.0002530101490151748,0.00025657607093893344,0.007279483907113706,0.016887420323260346,0.010550411276750757,0.00021072062018585803,56,9,142,10392,control S1 level,0.001953125,1.0,True,0.9863356428021555
B,EMSR192-12,0.925,0.85,"tile-phase;boundary first, then confidence",0.00015915236058575117,0.00012430233974860535,0.0007555020081806696,0.002217261145219991,0.002667878197374394,0.000132916889342457,49,2,40,9422,control S1 level,0.25,1.0,True,0.9957546168541711
B,EMSR192-13,0.5245901639344263,0.5377049180327869,"tile-phase;boundary first, then confidence",0.005733295186176849,0.005714991415566583,0.015463643688648741,0.018718532466269165,0.022625719648242903,0.005687456561045572,47,10,305,9212,control S1 level,0.171875,1.0,True,0.9668910117238385
B,EMSR192-14,0.5259515570934256,0.5847750865051903,,0.004878824035026962,0.004969931734450608,0.013870419317186891,0.012094595484288989,0.022314419906992216,0.004911656584239426,55,15,289,10216,control S1 level,0.00048828125,1.0,True,0.9717110415035238
B,EMSR192-15,0.7708333333333334,0.75,"tile-phase;boundary first, then confidence",0.0006337896389313303,0.0006086468119441295,0.0018319476893746244,0.0013301317508883686,0.004064316334058744,0.0006336447386574552,56,4,48,10416,control S1 level,0.0625,1.0,True,0.9953917050691244
B,EMSR192-16,0.4583333333333333,0.4791666666666667,tile-phase,0.00403167313822994,0.004111377335893173,0.013010296534267036,0.04541829792786676,0.014274551831919672,0.004001545290585043,6,3,48,1091,control S1 level,0.5,1.0,True,0.9560036663611365
B,EMSR192-19,0.5,0.5,tile-phase,0.009533178738232456,0.009729671960362455,0.021646495758838983,0.07538968975699982,0.044817737497290955,0.008106060861497089,2,1,16,392,control S1 level,0.5,1.0,True,0.9591836734693877
B,EMSR192-2,0.48,0.48,tile-phase,0.0014877043320976266,0.0014890229783574508,0.0040528286453285385,0.0032668650631869902,0.0058705096924414335,0.0014038955616436553,42,2,50,8232,control S1 level,0.25,1.0,True,0.9939261418853256
B,EMSR192-20,0.0,0.0,,0.0,0.0,0.0,0.0,0.0,0.0,2,0,0,392,control S1 level,1.0,1.0,False,1.0
B,EMSR192-21,0.0,0.0,,0.0,0.0,0.0,0.0,0.0,0.0,2,0,0,364,control S1 level,1.0,1.0,False,1.0
B,EMSR192-22,0.0,0.0,,0.0,0.0,0.0,0.0,0.0,0.0,4,0,0,686,control S1 level,1.0,1.0,False,1.0
B,EMSR192-24,0.0,0.0,,0.0,0.0,0.0,0.0,0.0,0.0,2,0,0,392,control S1 level,1.0,1.0,False,1.0
B,EMSR192-29,0.2608695652173913,0.2608695652173913,"tile-phase;boundary first, then confidence",0.0012868667397301884,0.0012862858671174096,0.006803226719089405,0.0027211245020823537,0.006078786937799976,0.0011811535500424984,15,3,23,2940,control S1 level,0.875,1.0,True,0.9921768707482993
B,EMSR192-3,0.9857142857142858,0.9857142857142858,,5.172637413269806e-05,5.324794498893109e-05,0.0010187106811110598,0.0026105834862744847,0.016882164876736654,7.284677097612334e-05,48,4,70,9324,control S1 level,0.0625,1.0,True,0.9924924924924925
B,EMSR192-30,0.8888888888888888,0.9111111111111111,"boundary first, then confidence",0.000188284934728907,0.000180553508145555,0.0038882186538844767,0.008770242791544005,0.048333556902144345,0.0002430590219414531,20,2,45,3920,control S1 level,0.25,1.0,True,0.9885204081632653
B,EMSR192-31,1.0,1.0,"boundary indicator;boundary first, then confidence",4.344379861323569e-05,2.5306573084012165e-05,3.854031340740357e-06,0.0006604056808291538,0.018174287108339245,7.152659368922816e-05,9,1,10,1694,control S1 level,0.5,1.0,True,0.9940968122786304
B,EMSR192-32,0.0,0.0,,0.0,0.0,0.0,0.0,0.0,0.0,8,0,0,1568,control S1 level,1.0,1.0,False,1.0
B,EMSR192-33,1.0,1.0,,8.343494145640006e-07,4.1703991739273307e-07,0.0,7.273737623908484e-05,0.0001121815802177309,0.0,9,0,1,1549,control S1 level,1.0,1.0,False,0.9993544222078761
B,EMSR192-4,0.6604938271604939,0.6234567901234568,"boundary first, then confidence",0.0008779872292803965,0.000812197653727661,0.006234955179047301,0.007989193253398577,0.027030314527651936,0.001044550605530196,53,7,162,10094,control S1 level,0.0078125,1.0,True,0.9839508618981573
B,EMSR192-5,0.4206896551724138,0.42758620689655175,tile-phase;control NDWI level,0.005529383391786293,0.00553261134940082,0.0105232067521431,0.004960566148817969,0.009589197198417776,0.0051076461647242945,56,9,145,10976,control S1 level,0.5,1.0,True,0.9867893586005831
B,EMSR192-6,0.6625,0.7375,tile-phase,0.000875541267298502,0.0009234245707901514,0.004689624902290152,0.009614326375334855,0.006025980299438427,0.0008660957983750954,36,9,80,6776,control S1 level,0.001953125,1.0,True,0.9881936245572609
B,EMSR192-7,0.5192307692307693,0.5192307692307693,"tile-phase;boundary first, then confidence",0.0009470501210412281,0.0009463429823671953,0.003824885094161108,0.003926789769512841,0.005285703169211212,0.0008728328043700646,53,4,52,9953,control S1 level,0.0625,1.0,True,0.994775444589571
B,EMSR192-8,0.12727272727272726,0.12727272727272726,"control NDWI level;boundary first, then confidence",0.004915880467022766,0.004915241045493616,0.008683563967100684,0.0029303989603024247,0.01064898792551903,0.005297136351106499,29,3,55,5623,control S1 level,0.5,1.0,True,0.9902187444424684
B,EMSR192-9,0.941747572815534,0.912621359223301,"boundary first, then confidence",0.0002436789016169673,0.00022494233582269493,0.0030015971096543355,0.007324689915843362,0.011596025993137533,0.0002478412839055882,48,5,103,9408,control S1 level,0.03125,1.0,True,0.9890518707482994
B,EMSR199-9,0.22868217054263565,0.24806201550387597,"boundary first, then confidence",0.016112105150904797,0.015976181100558852,0.04527679648961347,0.03159285309087539,0.023213748778652107,0.017296993543634284,23,8,258,4108,control S1 level,0.63671875,170.0,True,0.9371957156767283
B,EMSR215-1,0.7894736842105263,0.7894736842105263,,0.00046398060376771086,0.0004972763930281031,0.004220442962884107,0.012948197296992325,0.01875789485858941,0.0005161584714724088,26,5,95,5012,control S1 level,0.03125,134.0,True,0.9810454908220272
B,EMSR238-1,0.1728395061728395,0.1882716049382716,control NDWI level;control S1 level;boundary indicator,0.16504974301966827,0.16520521656389867,0.10433982296773824,0.06305883372591999,0.11933602790533468,0.17035086644485797,14,8,324,2573,control S1 level,0.85546875,73.0,True,0.8740769529731831
B,EMSR238-2,1.0,1.0,"boundary first, then confidence",1.0871161374929561e-05,9.208732822189298e-06,1.5111730712155522e-05,0.0008209118449369393,0.004559352313947822,1.73088546070569e-05,12,1,8,2336,control S1 level,0.5,78.0,True,0.9965753424657534
B,EMSR238-3,1.0,1.0,"boundary indicator;boundary first, then confidence",1.1932694466253838e-05,1.1441420806254802e-05,5.832151174891405e-06,0.0026758378486440976,0.003945401301450722,3.316042526396665e-05,11,1,8,2034,control S1 level,0.5,79.0,True,0.9960668633235005
B,EMSR238-4,0.1111111111111111,0.1111111111111111,tile-phase;control NDWI level,0.000975556923565955,0.0009759224254680955,0.00382326959569185,0.00035340658625325136,0.003319257257847281,0.0007038659667406713,12,1,9,2352,control S1 level,0.5,102.0,True,0.9961734693877551
B,EMSR258-14,0.16075949367088607,0.16075949367088607,"boundary first, then confidence",0.066693401412765,0.06667461215082976,0.13002936980734675,0.06811008654404352,0.11377559252914732,0.07082666634717041,30,9,790,5508,control S1 level,0.74609375,276.0,True,0.8565722585330429
B,EMSR261-1,0.9573643410852714,0.9573643410852714,"boundary first, then confidence",8.387568581067212e-05,8.041622659223343e-05,0.0003204176312888924,0.0009042544279527122,0.006075275278462726,9.485069637176548e-05,361,27,258,69685,control S1 level,7.450580596923828e-09,126.0,True,0.9962976250269068
B,EMSR261-2,0.8717948717948718,0.8791208791208791,"boundary first, then confidence",0.0001737833541868946,0.00017173751753947963,0.0015268728005178437,0.0011759123255142335,0.010818125879122583,0.00018015710405437277,310,20,273,59735,control S1 level,2.002716064453125e-05,101.0,True,0.9954298150163221
B,EMSR261-3,0.8850574712643678,0.8689655172413793,"tile-phase;boundary first, then confidence",0.00026812177505669386,0.00025186252437454324,0.001821885075379605,0.007222393067282466,0.014568310440959574,0.0002603955363232646,247,38,435,48021,control S1 level,3.637978807091713e-12,174.0,True,0.9909414631098894
B,EMSR273-1,0.7666666666666667,0.7666666666666667,"boundary first, then confidence",0.0014046391863506424,0.0013669491475737775,0.008445019152533014,0.010214455509814827,0.03703154960661994,0.0016008912864442521,9,2,60,1764,control S1 level,0.75,224.0,True,0.9659863945578231
B,EMSR273-2,0.9113924050632911,0.8734177215189873,"tile-phase;boundary first, then confidence",0.0003283764106643715,0.0002811378648952854,0.0012068379204894497,0.004455999424087516,0.007354396835830925,0.0003259188552802502,36,4,79,6764,control S1 level,0.6875,198.0,True,0.9883205204021289
B,EMSR273-3,0.5662650602409639,0.5843373493975904,"tile-phase;boundary first, then confidence",0.0027457705451857262,0.0026784184663175385,0.012186717490191283,0.021292051603366884,0.04311967253319159,0.0026634977955504666,30,7,166,5740,control S1 level,0.0625,189.0,True,0.9710801393728223
B,EMSR273-4,0.3,0.26666666666666666,"tile-phase;boundary first, then confidence",0.02689070031691158,0.025840282912081097,0.039538690401545,0.04543844494015552,0.0747016706578844,0.02597919703370234,25,12,330,4738,control S1 level,0.019287109375,187.0,True,0.9303503588011819
B,EMSR273-5,0.6415094339622641,0.6415094339622641,"tile-phase;boundary first, then confidence",0.0023255199496968917,0.0023104297026625103,0.005060953739177665,0.006521182454747789,0.011765042756452572,0.002198101978056396,26,4,53,5011,control S1 level,0.6875,190.0,True,0.9894232688086211
B,EMSR275-1,0.6541436464088398,0.6574585635359116,,0.0015434808627152585,0.0016304496790283324,0.00644508201460547,0.013164459314465943,0.02416708956219375,0.0015778572966175669,179,64,905,35084,control S1 level,2.3714212017689196e-15,223.0,True,0.9742047657051648
B,EMSR275-2,0.5044883303411131,0.5574506283662477,,0.002391911727233692,0.002707811073709897,0.014461416428305245,0.01452433010264979,0.044494678967907396,0.002585921545298029,180,68,1114,35280,control S1 level,2.936995265045983e-15,184.0,True,0.9684240362811791
B,EMSR275-3,0.5863746958637469,0.621654501216545,,0.002823547489164639,0.002910474518694834,0.010855552262903776,0.012465928660819078,0.051534887112193575,0.0028614181737595,151,44,822,29403,control S1 level,8.525717021257151e-09,168.0,True,0.972043669013366
B,EMSR279-1,0.8573487031700289,0.8544668587896254,"boundary first, then confidence",0.000334458054207522,0.00033374452327490824,0.0036340409292735807,0.003140693931226978,0.013724842938383662,0.00039896163680338214,400,28,694,78400,control S1 level,1.516193151473999e-06,53.0,True,0.9911479591836735
B,EMSR279-10,0.7770034843205574,0.7735191637630662,"tile-phase;boundary first, then confidence",0.0002790098016055726,0.0002736583006549179,0.0013753811839967345,0.004128576384633265,0.01023555582669028,0.0002743142109663134,336,25,287,65681,control S1 level,9.715557098388672e-06,135.0,True,0.9956303953959288
B,EMSR279-11,0.09513131011112773,0.09747346389594858,tile-phase,0.03682977896623381,0.03688929429221999,0.13933100389198932,0.12724387709803242,0.38285038293829693,0.033508920674044915,400,177,20067,78028,control S1 level,0.2261791511818417,10.0,True,0.7428230891474855
B,EMSR279-2,0.7849462365591398,0.75,"tile-phase;boundary first, then confidence",0.0006311719335513389,0.0005708881989285408,0.003635425199832537,0.004027668135323763,0.019233740335590003,0.000571807377715785,188,21,372,36553,control S1 level,0.000110626220703125,1.0,True,0.9898229967444533
B,EMSR279-3,0.6135265700483091,0.6162870945479642,"tile-phase;boundary first, then confidence",0.006916947186964157,0.00688992728884319,0.01151847985832319,0.020709611973415545,0.049131462791193535,0.0066178921517148,346,52,1449,67249,control S1 level,6.532641094736391e-11,88.0,True,0.9784532112001666
B,EMSR279-4,0.5184804928131417,0.5215605749486653,"boundary first, then confidence",0.004240649630614406,0.003881602245849885,0.016607788856188868,0.032950034498810114,0.037625912785986204,0.004414793092981269,129,36,974,25219,control S1 level,9.707873687148094e-07,160.0,True,0.9613783258654189
B,POOLED,0.5249386264295551,0.5979881444224897,,0.003036572718938512,0.003124764840355009,0.018751596419401086,0.01812444667701901,0.09295415394005291,0.003122893375329859,4527,816,33402,875976,control S1 level,5.804333509534931e-78,1.0,True,0.9618688183237897
C,EMSR162-1,0.0,0.0,,0.0,0.0,0.0,0.0,0.0,0.0,2,0,0,322,control S1 level,1.0,142.0,False,1.0
C,EMSR162-2,0.0,0.0,,0.0,0.0,0.0,0.0,0.0,0.0,3,0,0,476,control S1 level,1.0,110.0,False,1.0
C,EMSR162-3,0.0,0.0,,0.0,0.0,0.0,0.0,0.0,0.0,2,0,0,392,control S1 level,1.0,92.0,False,1.0
C,EMSR162-4,0.0,0.0,,0.0,0.0,0.0,0.0,0.0,0.0,4,0,0,700,control S1 level,1.0,140.0,False,1.0
C,EMSR187-1,0.789873417721519,0.7240506329113924,"boundary first, then confidence",0.0006590089738967153,0.0005576932666788471,0.006582021427828988,0.03664573961987467,0.05730882218809243,0.0008242837759113429,217,25,790,41708,control S1 level,2.9802322387695312e-08,1.0,True,0.9810587896806368
C,EMSR192-1,0.5686274509803921,0.5686274509803921,"tile-phase;boundary first, then confidence",0.0024056827401581736,0.0024047977680667337,0.0061077761666976605,0.011725561485751464,0.014246452538714966,0.0023105222186378415,56,7,102,10848,control S1 level,0.0625,1.0,True,0.9905973451327433
C,EMSR192-10,0.7687074829931972,0.7891156462585034,,0.00038106378147289855,0.0003850752710018832,0.005329739455427879,0.017116111544532096,0.03668878179121498,0.0004000872459970124,55,8,147,10220,control S1 level,0.03515625,1.0,True,0.9856164383561644
C,EMSR192-11,1.0,1.0,tile-phase,5.557753385443605e-08,5.557753385443605e-08,7.413639042523094e-08,0.0008590873192928156,0.0012208989003465137,1.8527627978514565e-08,56,1,4,10392,control S1 level,0.5,1.0,True,0.9996150885296382
C,EMSR192-12,1.0,1.0,"boundary first, then confidence",7.364025231660382e-06,6.4707663693651545e-06,0.0007488928934747059,0.009804850636631038,0.017899513709745223,1.5678321885825436e-05,49,1,34,9422,control S1 level,0.5,1.0,True,0.9963914243260454
C,EMSR192-13,0.6981981981981982,0.7252252252252253,"tile-phase;boundary first, then confidence",0.0019679384811224837,0.001961731077850414,0.009634082047979569,0.030465855808903285,0.0643815907969236,0.0019456773666383519,47,8,222,9212,control S1 level,0.00390625,1.0,True,0.9759009986973513
C,EMSR192-14,0.6486486486486487,0.6486486486486487,"tile-phase;boundary first, then confidence",0.0015673960504130856,0.0015511551045102807,0.013004996525776575,0.0060546895255699125,0.02733432098189815,0.0015111935494020034,55,5,185,10216,control S1 level,0.03125,1.0,True,0.9818911511354738
C,EMSR192-15,1.0,1.0,"tile-phase;boundary first, then confidence",6.646369657435643e-07,1.7526282756770041e-07,9.624136315344255e-05,5.739539505153974e-06,0.0014787017954657493,4.983233024751794e-07,56,1,7,10416,control S1 level,0.5,1.0,True,0.9993279569892473
C,EMSR192-16,0.0,0.0,,0.0032385259520448426,0.0032385259520448426,0.012743696870632489,0.013435263158240484,0.006434271577582272,0.003291638420426359,6,1,14,1091,control S1 level,1.0,1.0,True,0.9871677360219981
C,EMSR192-19,0.045454545454545456,0.045454545454545456,tile-phase;control S1 level;boundary indicator,0.07852270579879309,0.07852270579879309,0.05444574485400866,0.10390535327404944,0.07835497903715537,0.069920743254804,2,1,22,392,control S1 level,1.0,1.0,True,0.9438775510204082
C,EMSR192-2,1.0,1.0,"boundary indicator;boundary first, then confidence",1.1811459188018968e-07,4.4286242613717995e-08,0.0,0.0005182196954237678,0.0005173634080410053,1.919824569059996e-07,42,0,3,8232,control S1 level,1.0,1.0,True,0.9996355685131195
C,EMSR192-20,0.0,0.0,,0.0,0.0,0.0,0.0,0.0,0.0,2,0,0,392,control S1 level,1.0,1.0,False,1.0
C,EMSR192-21,0.0,0.0,,0.0,0.0,0.0,0.0,0.0,0.0,2,0,0,364,control S1 level,1.0,1.0,False,1.0
C,EMSR192-22,0.0,0.0,,0.0,0.0,0.0,0.0,0.0,0.0,4,0,0,686,control S1 level,1.0,1.0,False,1.0
C,EMSR192-24,0.0,0.0,,0.0,0.0,0.0,0.0,0.0,0.0,2,0,0,392,control S1 level,1.0,1.0,False,1.0
C,EMSR192-29,0.0,0.0,,0.0,0.0,0.0,0.0,0.0,0.0,15,0,0,2940,control S1 level,1.0,1.0,False,1.0
C,EMSR192-3,1.0,1.0,"boundary indicator;boundary first, then confidence",3.572701908517152e-07,1.612004705277317e-07,0.0,0.0002873246819628516,0.002249049450888034,1.7068842853478239e-06,48,1,5,9324,control S1 level,0.5,1.0,True,0.9994637494637495
C,EMSR192-30,0.6865671641791045,0.7164179104477612,"boundary first, then confidence",0.0005003135342320996,0.000486966752367528,0.007567732894811856,0.007212034365629117,0.034017610181926096,0.0007940126451463963,20,2,67,3920,control S1 level,0.25,1.0,True,0.9829081632653062
C,EMSR192-31,1.0,1.0,"boundary indicator;boundary first, then confidence",7.348408069436196e-06,6.645438346951144e-06,0.0,0.0003400885670219254,0.008258806548485832,3.800779078894376e-05,9,1,5,1694,control S1 level,0.5,1.0,True,0.9970484061393152
C,EMSR192-32,0.0,0.0,,0.0,0.0,0.0,0.0,0.0,0.0,8,0,0,1568,control S1 level,1.0,1.0,False,1.0
C,EMSR192-33,0.0,0.0,,0.0,0.0,0.0,0.0,0.0,0.0,9,0,0,1549,control S1 level,1.0,1.0,False,1.0
C,EMSR192-4,1.0,1.0,"boundary first, then confidence",2.1178364551781418e-05,1.7067437755776965e-05,0.0011970554112895732,0.0023247282263232027,0.01421796861935705,2.621941491200467e-05,53,1,37,10094,control S1 level,0.5,1.0,True,0.9963344561125421
C,EMSR192-5,0.375,0.375,"tile-phase;boundary first, then confidence",0.00020688951171745018,0.00020672328375009896,0.0009121262052674464,0.0008664096957973293,0.002085514403709092,0.00019783700268656977,56,2,16,10976,control S1 level,0.25,1.0,True,0.9985422740524781
C,EMSR192-6,0.2857142857142857,0.2857142857142857,,0.00032610273215244164,0.00032610273215244164,0.002063827363073777,0.0019114576758239195,0.0016759351527294933,0.00034664032351812044,36,1,14,6776,control S1 level,0.5,1.0,True,0.9979338842975206
C,EMSR192-7,0.25,0.25,tile-phase,4.349491914608234e-05,4.349491914608234e-05,0.0004017879209121601,0.0006236270387620761,0.0007388956988127298,3.0384452397155482e-05,53,1,4,9953,control S1 level,0.5,1.0,True,0.9995981111222747
C,EMSR192-8,0.0,0.0,tile-phase;control NDWI level;control S1 level;boundary indicator,0.014023717066359895,0.014023717066359895,0.008499070561712358,0.0026973809115898237,0.009914408739031681,0.013846774602128844,29,2,48,5623,control S1 level,0.75,1.0,True,0.991463631513427
C,EMSR192-9,0.92,0.92,"boundary first, then confidence",5.909336342328575e-05,5.579335486159917e-05,0.001292340293644786,0.008484840719046002,0.023454416201982863,7.276274137304717e-05,48,4,50,9408,control S1 level,0.0625,1.0,True,0.9946853741496599
C,EMSR199-9,0.17803030303030304,0.16287878787878787,"boundary first, then confidence",0.014880905791140386,0.014802783184738346,0.05420667793821675,0.031678512865502356,0.03506391564435568,0.015602269320333637,23,8,264,4108,control S1 level,0.85546875,170.0,True,0.9357351509250244
C,EMSR215-1,0.5,0.5,tile-phase,0.003480859413030551,0.003480859413030551,0.022482481359037812,0.013813657574517411,0.03682240502273457,0.003214390765580934,26,3,114,5012,control S1 level,0.125,134.0,True,0.9772545889864326
C,EMSR238-1,0.15950920245398773,0.12576687116564417,"control NDWI level;boundary indicator;boundary first, then confidence",0.11207367459742644,0.11171742995562116,0.10273986938501826,0.06600963373737742,0.1303254478202462,0.11535686139238288,14,7,326,2573,control S1 level,0.9375,73.0,True,0.8732996502137582
C,EMSR238-2,0.17221135029354206,0.18199608610567514,,0.013608957378757131,0.014335683014706644,0.15950874726466704,0.5138131062289677,0.45153434125522,0.017097207147838103,12,3,511,2336,control S1 level,0.875,78.0,True,0.78125
C,EMSR238-3,0.12050739957716702,0.12684989429175475,,0.012668365522413284,0.013303425325375002,0.13926729195501727,0.26329850956250306,0.498543001113018,0.018154531988888886,11,4,473,2034,control S1 level,0.6875,79.0,True,0.7674532940019666
C,EMSR238-4,0.18095238095238095,0.2119047619047619,,0.007202871288988857,0.009993076979750055,0.13683434783973838,0.3098248240739228,0.3520803358596893,0.0128426535244872,12,4,420,2352,control S1 level,0.3125,102.0,True,0.8214285714285714
C,EMSR258-14,0.10861423220973783,0.10861423220973783,control NDWI level,0.10676216313273193,0.10676886463608312,0.13297437435744616,0.06972588257053278,0.11755579347382533,0.11155102278442311,30,9,801,5508,control S1 level,0.74609375,276.0,True,0.8545751633986928
C,EMSR261-1,0.8,0.8,"tile-phase;boundary first, then confidence",8.033231063595556e-05,8.011470196264098e-05,0.0004450887859576982,0.00040442518116273524,0.0027835325693528093,7.929743175199884e-05,361,4,55,69685,control S1 level,0.0625,126.0,True,0.9992107340173638
C,EMSR261-2,0.625,0.625,"boundary first, then confidence",0.00028885235745402594,0.00028770988409613547,0.0012912021346490122,0.0006533283392096824,0.00541301056065661,0.0002919712412199818,310,8,128,59735,control S1 level,0.03515625,101.0,True,0.9978572026450155
C,EMSR261-3,0.6743002544529262,0.6768447837150128,tile-phase,0.0015804946407787736,0.001583882081683885,0.005845103218206925,0.009348019548379818,0.025512802430348324,0.0015598367185474704,247,23,393,48021,control S1 level,1.1920928955078125e-07,174.0,True,0.9918160804647966
C,EMSR273-1,0.3389830508474576,0.3305084745762712,"boundary first, then confidence",0.0023448871726376597,0.0022667304424447577,0.011135291669563348,0.12868148239406,0.08444240161466099,0.003358497434530803,9,2,118,1764,control S1 level,0.75,224.0,True,0.9331065759637188
C,EMSR273-2,0.45776566757493187,0.4305177111716621,"boundary first, then confidence",0.0022704721236648014,0.002032262412418419,0.015194136814897926,0.12402824678214253,0.08717433926648684,0.0028373822614754128,36,6,367,6764,control S1 level,0.015625,198.0,True,0.9457421643997634
C,EMSR273-3,0.397887323943662,0.3380281690140845,"boundary first, then confidence",0.0054822090627210125,0.0052953868913510685,0.030650095944108835,0.11385526574894142,0.14493495473393941,0.006436577054643362,30,5,284,5740,control S1 level,0.03125,189.0,True,0.9505226480836237
C,EMSR273-4,0.2757009345794392,0.2733644859813084,,0.009510740649539984,0.009581480913211902,0.06254297819253317,0.039279512572333745,0.14443550275075664,0.011499558613616453,25,8,428,4738,control S1 level,0.00390625,187.0,True,0.9096665259603208
C,EMSR273-5,0.25133689839572193,0.22994652406417113,"boundary first, then confidence",0.007027114131224096,0.006952090669675892,0.03060349031798607,0.07813372584526691,0.12808189302315212,0.00806288561150107,26,4,187,5011,control S1 level,0.3125,190.0,True,0.962682099381361
C,EMSR275-1,0.4793956043956044,0.5192307692307693,,0.002132739070006887,0.002232742080328781,0.021972620096865816,0.027251728886278873,0.11092845144024019,0.0023493193300039425,179,50,1456,35084,control S1 level,1.8541612689659814e-11,223.0,True,0.9584996009577015
C,EMSR275-2,0.4494175352544451,0.5076640098099325,,0.0018041687962117505,0.002034826730113291,0.025721354441405192,0.022422966765523505,0.11708556091669813,0.002047537673683832,180,60,1631,35280,control S1 level,1.5881393422567669e-15,184.0,True,0.9537698412698412
C,EMSR275-3,0.7246891651865008,0.7193605683836589,"boundary first, then confidence",0.0005596233407963947,0.0005455231842910277,0.006851710075458082,0.008306556540435283,0.05790166062636696,0.000601281062913336,151,33,563,29403,control S1 level,1.1641532182693481e-10,168.0,True,0.9808522939836071
C,EMSR279-1,0.9827586206896551,0.9862068965517241,"boundary first, then confidence",2.673341210100207e-05,1.901293343374601e-05,0.00047971869317967427,0.0020663238996354045,0.009650542738475978,3.7753582577578094e-05,400,18,290,78400,control S1 level,3.814697265625e-06,53.0,True,0.9963010204081633
C,EMSR279-10,0.9200913242009132,0.906392694063927,"boundary first, then confidence",0.0001307205944716171,0.0001081961816786773,0.0013082923246245347,0.005926429711709272,0.018795388652818074,0.00019150068085387853,336,26,438,65681,control S1 level,1.4901161193847656e-08,135.0,True,0.9933314048202676
C,EMSR279-11,0.8032200357781754,0.7513416815742398,"boundary first, then confidence",0.00042361086730205563,0.00035767678556637055,0.005822279336875457,0.027900097697142814,0.017932436580452633,0.00046342777860859533,400,28,1118,78028,control S1 level,3.725290298461914e-09,10.0,True,0.9856718101194443
C,EMSR279-2,0.9755102040816327,0.9673469387755103,"boundary first, then confidence",7.62240991880193e-05,5.989595800748226e-05,0.0006798195336846669,0.006025979648634947,0.016166343235082297,0.0001232298541235575,188,10,245,36553,control S1 level,0.0107421875,1.0,True,0.9932974037698684
C,EMSR279-3,0.6198830409356725,0.5614035087719298,"boundary first, then confidence",0.005449556694704183,0.005317479327943055,0.008946521981831915,0.02579552184402396,0.05175559424894179,0.005524559349986363,346,53,1368,67249,control S1 level,2.759792394613214e-12,88.0,True,0.9796576900771758
C,EMSR279-4,0.37589498806682575,0.35799522673031026,"boundary first, then confidence",0.011849430194620853,0.011775736904407374,0.02410233180384266,0.06144987495284336,0.1025569808687826,0.011943172799377857,129,13,838,25219,control S1 level,0.001708984375,160.0,True,0.9667710852928347
C,POOLED,0.6707099780701754,0.6641310307017544,"boundary first, then confidence",0.0017380316400718646,0.0017226310580861972,0.009125643410347009,0.02170501858270153,0.035819768995314145,0.0018521531222453693,4527,462,14592,875976,control S1 level,6.654122241620344e-84,1.0,True,0.9833420093701197
