arm,signal,n,n_errors,error_rate_naive,error_rate_weighted,excess_aurc_naive,excess_aurc_weighted,capture_05_naive,capture_10_naive,capture_20_naive,capture_05_weighted,capture_10_weighted,capture_20_weighted
field_report,margin,4778,1902,0.3980745081624111,0.41523500586962153,0.14321969097169068,0.146773622510799,0.08675078864353312,0.16824395373291273,0.31650893796004204,0.08276907124384353,0.16456507248020943,0.3021606632790674
field_report,one_minus_top1,4778,1902,0.3980745081624111,0.41523500586962153,0.14889138016313708,0.1651160982556339,0.08990536277602523,0.17034700315457413,0.3249211356466877,0.09133220943530901,0.16814252268541996,0.3167163815110509
field_report,entropy,4778,1902,0.3980745081624111,0.41523500586962153,0.17290438264659502,0.21017603024479187,0.083596214511041,0.1661409043112513,0.3207150368033649,0.08289205594692642,0.16109023147358897,0.31766315699635833
field_report,boundary_first,4778,1902,0.3980745081624111,0.41523500586962153,0.14818728383523838,0.14658520655411317,0.08832807570977919,0.17087276550998948,0.32018927444794953,0.08312343185728835,0.16553730785513696,0.3074282475327116
field_report,boundary_only,4778,1902,0.3980745081624111,0.41523500586962153,0.1816127461106366,0.1758099572838751,0.09362044126979714,0.17670913522281725,0.3237485328830539,0.09527973905296157,0.17893660724167038,0.3286055450245426
field_report,ctl_pixel_variance,4778,1902,0.3980745081624111,0.41523500586962153,0.26009271863809574,0.2420731212156022,0.04574132492113565,0.10147213459516298,0.222397476340694,0.07376578744873426,0.14865025769517062,0.2836203382929985
field_report,ctl_class_rarity,4778,1902,0.3980745081624111,0.41523500586962153,0.30838409411754414,0.44691140531990753,0.03709879325021281,0.07464426079412106,0.15326916846061953,0.10092487737674756,0.15484763104133087,0.22943241660172645
field_report,ctl_polygon_area,4778,1902,0.3980745081624111,0.41523500586962153,0.22005105546739384,0.2089452438020864,0.06046267087276551,0.12670872765509988,0.2513144058885384,0.07220137276212535,0.15002258111132658,0.31398594233250054
field_report,ctl_window_impurity,4778,1902,0.3980745081624111,0.41523500586962153,0.22452100734226038,0.22051104079907557,0.057308096740273394,0.12171572621360574,0.25504365050253097,0.0667428517205823,0.1517227858629774,0.3083085702610353
purity_0.00,margin,1817,918,0.5052283984589984,0.6387788535291429,0.17498660665237428,0.2538678992140913,0.07407407407407407,0.1394335511982571,0.2657952069716776,0.05643857398025859,0.11299753699684195,0.2196995236993254
purity_0.00,one_minus_top1,1817,918,0.5052283984589984,0.6387788535291429,0.17264804204564635,0.25100297346563044,0.06971677559912855,0.14161220043572983,0.2766884531590414,0.05088563093494981,0.11364953764251824,0.2314748140197719
purity_0.00,entropy,1817,918,0.5052283984589984,0.6387788535291429,0.18171442355382952,0.26033374017921046,0.06753812636165578,0.14270152505446623,0.27450980392156865,0.047214482870673175,0.11471211499826826,0.23591061712099112
purity_0.00,boundary_first,1817,918,0.5052283984589984,0.6387788535291429,0.20769371216686408,0.2597776670942343,0.07407407407407407,0.1394335511982571,0.2625272331154684,0.05643857398025893,0.11299753699684263,0.21969952369932677
purity_0.00,boundary_only,1817,918,0.5052283984589984,0.6387788535291429,0.25945820069553194,0.25846142275635325,0.07624427893465742,0.15155123203458817,0.28013549407586474,0.06819653994551234,0.13352830798116963,0.25443148311521013
purity_0.00,ctl_pixel_variance,1817,918,0.5052283984589984,0.6387788535291429,0.38505926767343424,0.324791313118541,0.030501089324618737,0.06862745098039216,0.16339869281045752,0.05033411230473318,0.10390556986781671,0.22064013177502806
purity_0.00,ctl_class_rarity,1817,918,0.5052283984589984,0.6387788535291429,0.30018358017035385,0.41239002379821693,0.05664488017429194,0.12142886504706703,0.2262872628726287,0.06792663485301116,0.09834299616443158,0.1709695392018731
purity_0.00,ctl_polygon_area,1817,918,0.5052283984589984,0.6387788535291429,0.34800118841695826,0.3511848657405254,0.05010893246187364,0.09259259259259259,0.19498910675381265,0.04505024605080035,0.08960845501650457,0.18795079619283833
purity_0.00,ctl_window_impurity,1817,918,0.5052283984589984,0.6387788535291429,0.34867254182125074,0.36627284017741285,0.0401101723435535,0.08769063180827887,0.1864639575637018,0.028532021027632765,0.07391979210481134,0.173111541525151
purity_0.25,margin,483,217,0.4492753623188406,0.5105675710220602,0.18301081486755194,0.2258968000830739,0.059907834101382486,0.1336405529953917,0.2764976958525346,0.048690514365259646,0.11983533224754399,0.26219499963891807
purity_0.25,one_minus_top1,483,217,0.4492753623188406,0.5105675710220602,0.1755980113146529,0.21518387031502284,0.06912442396313365,0.14746543778801843,0.2995391705069124,0.08296034332868903,0.1452582173483747,0.2675763499888808
purity_0.25,entropy,483,217,0.4492753623188406,0.5105675710220602,0.18204652531836302,0.22092006840860035,0.06451612903225806,0.1336405529953917,0.2857142857142857,0.06695277872509298,0.12652642709695594,0.26995544488667683
purity_0.25,boundary_first,483,217,0.4492753623188406,0.5105675710220602,0.18256342093863437,0.2036274925311879,0.059907834101382486,0.1382488479262673,0.28110599078341014,0.04912455285831653,0.12026937074060089,0.262194999638918
purity_0.25,boundary_only,483,217,0.4492753623188406,0.5105675710220602,0.2147394137060128,0.2112952716858636,0.07741935483870968,0.1430414746543779,0.26073599145127896,0.06580719157224835,0.11740003101513757,0.2543057396495872
purity_0.25,ctl_pixel_variance,483,217,0.4492753623188406,0.5105675710220602,0.333910131500729,0.2916999779567966,0.027649769585253458,0.059907834101382486,0.17050691244239632,0.053579845922745985,0.10215169745152348,0.2076352545201131
purity_0.25,ctl_class_rarity,483,217,0.4492753623188406,0.5105675710220602,0.3175549424195184,0.3486801995742907,0.07177174232767919,0.14354348465535838,0.2857142857142857,0.04826966346555878,0.09653932693111757,0.19307865386223513
purity_0.25,ctl_polygon_area,483,217,0.4492753623188406,0.5105675710220602,0.2984401107538149,0.2774476305572006,0.041474654377880185,0.09216589861751152,0.2073732718894009,0.05247020966742751,0.12264637407314131,0.2275326562691661
purity_0.25,ctl_window_impurity,483,217,0.4492753623188406,0.5105675710220602,0.3096961410534565,0.2998735838445173,0.05325140809011777,0.10650281618023553,0.2130450194966324,0.06566243038433402,0.130438346840629,0.2231714192098588
purity_0.50,margin,618,239,0.38673139158576053,0.3729517816480909,0.18125886431719407,0.18039343083586956,0.09205020920502092,0.15481171548117154,0.29707112970711297,0.09907063389474503,0.1577946873617074,0.2764414943011136
purity_0.50,one_minus_top1,618,239,0.38673139158576053,0.3729517816480909,0.1828990690970202,0.19792759353413508,0.09623430962343096,0.17573221757322174,0.3263598326359833,0.09708332762528402,0.1730243696999939,0.3211161848767199
purity_0.50,entropy,618,239,0.38673139158576053,0.3729517816480909,0.19887028112411226,0.22484074541428145,0.09623430962343096,0.16736401673640167,0.3138075313807531,0.09474071836548681,0.15102293109119067,0.31492904933184424
purity_0.50,boundary_first,618,239,0.38673139158576053,0.3729517816480909,0.1814886042067062,0.17489038814122215,0.09205020920502092,0.1589958158995816,0.301255230125523,0.09907063389474502,0.15861222993758484,0.27561564422431084
purity_0.50,boundary_only,618,239,0.38673139158576053,0.3729517816480909,0.1927325596398723,0.18841746397500775,0.08842398884239888,0.16736401673640167,0.3104484648476634,0.09176437320639046,0.16521236777007278,0.3029919529142647
purity_0.50,ctl_pixel_variance,618,239,0.38673139158576053,0.3729517816480909,0.23392606285346934,0.2071003217399489,0.06694560669456066,0.1297071129707113,0.2384937238493724,0.09621851242591885,0.15412477366439797,0.26897436911805894
purity_0.50,ctl_class_rarity,618,239,0.38673139158576053,0.3729517816480909,0.2791130920007511,0.17015662210255988,0.08647140864714087,0.1297071129707113,0.20834163511987783,0.12153061967895626,0.23990236001295576,0.2721758579057688
purity_0.50,ctl_polygon_area,618,239,0.38673139158576053,0.3729517816480909,0.2769139067582054,0.2617356244690314,0.06276150627615062,0.11297071129707113,0.20502092050209206,0.09205085926985165,0.14310216176988347,0.252701881776169
purity_0.50,ctl_window_impurity,618,239,0.38673139158576053,0.3729517816480909,0.2658874990936184,0.2715978275092749,0.07650926479378362,0.13867304243873282,0.25774058577405856,0.09591218914944216,0.16642468878564393,0.2798652749453749
purity_0.75,margin,1860,528,0.2838709677419355,0.30458386491482276,0.09843278267701198,0.09768172792753368,0.12121212121212122,0.2178030303030303,0.38636363636363635,0.10892101680314308,0.20349546567793772,0.36633464737776333
purity_0.75,one_minus_top1,1860,528,0.2838709677419355,0.30458386491482276,0.12708545823714423,0.13936248572569834,0.10606060606060606,0.19696969696969696,0.36174242424242425,0.11463008430862716,0.19249439985322722,0.353317816045511
purity_0.75,entropy,1860,528,0.2838709677419355,0.30458386491482276,0.17606798452418138,0.21557578495456617,0.0946969696969697,0.19128787878787878,0.3333333333333333,0.09821945691186795,0.19873568411384032,0.33488819118718827
purity_0.75,boundary_first,1860,528,0.2838709677419355,0.30458386491482276,0.10514929994698223,0.11122767987774676,0.1268939393939394,0.22916666666666666,0.3996212121212121,0.11160577857210983,0.20655661578537196,0.3706124145705805
purity_0.75,boundary_only,1860,528,0.2838709677419355,0.30458386491482276,0.14388490525048042,0.15660721620278875,0.12587630031659883,0.2209182951005381,0.3803797174195947,0.12025375478540178,0.21186515240829487,0.3704230614560453
purity_0.75,ctl_pixel_variance,1860,528,0.2838709677419355,0.30458386491482276,0.24951513299470962,0.2591192014582455,0.06818181818181818,0.12121212121212122,0.2196969696969697,0.07130223212418162,0.12710117295767515,0.2207761575538417
purity_0.75,ctl_class_rarity,1860,528,0.2838709677419355,0.30458386491482276,0.26609445275186766,0.40794679805338807,0.05925173522938886,0.09959581852039953,0.19816157262277953,0.11755248004179444,0.15412036965243678,0.22574602463928328
purity_0.75,ctl_polygon_area,1860,528,0.2838709677419355,0.30458386491482276,0.21485302634913556,0.2219560984947123,0.06818181818181818,0.12121212121212122,0.22537878787878787,0.05792211671392402,0.11436897570132007,0.21064616769789324
purity_0.75,ctl_window_impurity,1860,528,0.2838709677419355,0.30458386491482276,0.2261283524996589,0.24284066256512246,0.05182506887052341,0.10774410774410774,0.22032828282828282,0.050662342178654896,0.10138573553325184,0.22435508848871957
filtered_field_report,margin,1145,299,0.2611353711790393,0.28544473386547903,0.08347736956462745,0.07846791648607253,0.12709030100334448,0.23745819397993312,0.411371237458194,0.10923572475354873,0.2098190200506252,0.39296870146488405
filtered_field_report,one_minus_top1,1145,299,0.2611353711790393,0.28544473386547903,0.1204551417231618,0.12318157533423411,0.10033444816053512,0.20735785953177258,0.3712374581939799,0.11462761503897939,0.21158295333738816,0.36746765872885057
filtered_field_report,entropy,1145,299,0.2611353711790393,0.28544473386547903,0.18007723525398875,0.20790753202082096,0.09364548494983277,0.17391304347826086,0.3277591973244147,0.10140254392256329,0.19505195358181635,0.32261697151712515
filtered_field_report,boundary_first,1145,299,0.2611353711790393,0.28544473386547903,0.09301461170140268,0.09328832999133434,0.13043478260869565,0.2408026755852843,0.4180602006688963,0.11208648282372362,0.2157746353141617,0.3985702272154005
filtered_field_report,boundary_only,1145,299,0.2611353711790393,0.28544473386547903,0.13862114953140373,0.14809715636526571,0.1423183661851562,0.2427536231884058,0.37868162692847124,0.13819378587329503,0.23757863368138557,0.363394892013741
filtered_field_report,ctl_pixel_variance,1145,299,0.2611353711790393,0.28544473386547903,0.25675447266163126,0.25967773101128266,0.05016722408026756,0.09364548494983277,0.1806020066889632,0.06240452742833677,0.10477846740178158,0.18913853834703304
filtered_field_report,ctl_class_rarity,1145,299,0.2611353711790393,0.28544473386547903,0.2618902024270728,0.39658342103947253,0.04522320779409626,0.08184615384615385,0.178149386845039,0.07774816064251744,0.11168411389934578,0.2563257434479936
filtered_field_report,ctl_polygon_area,1145,299,0.2611353711790393,0.28544473386547903,0.21077055708022086,0.21461782576331212,0.056856187290969896,0.12374581939799331,0.23411371237458195,0.077499901701455,0.1417941081867566,0.24240806609551363
filtered_field_report,ctl_window_impurity,1145,299,0.2611353711790393,0.28544473386547903,0.22065076329869873,0.23913486404195583,0.05518394648829431,0.1106719367588933,0.2393512967754149,0.0654984645676497,0.12254898151271086,0.23263378468200363
unfiltered_field_report,margin,4778,1902,0.3980745081624111,0.41523500586962153,0.14321969097169068,0.146773622510799,0.08675078864353312,0.16824395373291273,0.31650893796004204,0.08276907124384353,0.16456507248020943,0.3021606632790674
unfiltered_field_report,one_minus_top1,4778,1902,0.3980745081624111,0.41523500586962153,0.14889138016313708,0.1651160982556339,0.08990536277602523,0.17034700315457413,0.3249211356466877,0.09133220943530901,0.16814252268541996,0.3167163815110509
unfiltered_field_report,entropy,4778,1902,0.3980745081624111,0.41523500586962153,0.17290438264659502,0.21017603024479187,0.083596214511041,0.1661409043112513,0.3207150368033649,0.08289205594692642,0.16109023147358897,0.31766315699635833
unfiltered_field_report,boundary_first,4778,1902,0.3980745081624111,0.41523500586962153,0.14818728383523838,0.14658520655411317,0.08832807570977919,0.17087276550998948,0.32018927444794953,0.08312343185728835,0.16553730785513696,0.3074282475327116
unfiltered_field_report,boundary_only,4778,1902,0.3980745081624111,0.41523500586962153,0.1816127461106366,0.1758099572838751,0.09362044126979714,0.17670913522281725,0.3237485328830539,0.09527973905296157,0.17893660724167038,0.3286055450245426
unfiltered_field_report,ctl_pixel_variance,4778,1902,0.3980745081624111,0.41523500586962153,0.26009271863809574,0.2420731212156022,0.04574132492113565,0.10147213459516298,0.222397476340694,0.07376578744873426,0.14865025769517062,0.2836203382929985
unfiltered_field_report,ctl_class_rarity,4778,1902,0.3980745081624111,0.41523500586962153,0.30838409411754414,0.44691140531990753,0.03709879325021281,0.07464426079412106,0.15326916846061953,0.10092487737674756,0.15484763104133087,0.22943241660172645
unfiltered_field_report,ctl_polygon_area,4778,1902,0.3980745081624111,0.41523500586962153,0.22005105546739384,0.2089452438020864,0.06046267087276551,0.12670872765509988,0.2513144058885384,0.07220137276212535,0.15002258111132658,0.31398594233250054
unfiltered_field_report,ctl_window_impurity,4778,1902,0.3980745081624111,0.41523500586962153,0.22452100734226038,0.22051104079907557,0.057308096740273394,0.12171572621360574,0.25504365050253097,0.0667428517205823,0.1517227858629774,0.3083085702610353
deleted_by_filter_field_report,margin,3633,1603,0.441233140655106,0.48082429794219106,0.1657592902224641,0.19252075559350526,0.07860262008733625,0.15408608858390518,0.29008109794135994,0.07205258533184636,0.14546680304703377,0.26575238375625726
deleted_by_filter_field_report,one_minus_top1,3633,1603,0.441233140655106,0.48082429794219106,0.1640496683110665,0.1997494108207943,0.07985028072364317,0.15970056144728634,0.3006862133499688,0.07635345339080236,0.1532050097283159,0.27858318356083006
deleted_by_filter_field_report,entropy,3633,1603,0.441233140655106,0.48082429794219106,0.17771122329013372,0.2251710158367841,0.07610729881472239,0.15283842794759825,0.30193387398627575,0.07031753235519081,0.13972821833477145,0.2904252999938461
deleted_by_filter_field_report,boundary_first,3633,1603,0.441233140655106,0.48082429794219106,0.17995587277097802,0.1947640489542203,0.0792264504054897,0.15470991890205865,0.2913287585776669,0.0721156898988699,0.14546680304703377,0.26653757280305274
deleted_by_filter_field_report,boundary_only,3633,1603,0.441233140655106,0.48082429794219106,0.21497687402676136,0.2127891470857892,0.08428574413405487,0.1615303478679426,0.2990212317422075,0.08276795729601313,0.15680977291700915,0.2925232438044167
deleted_by_filter_field_report,ctl_pixel_variance,3633,1603,0.441233140655106,0.48082429794219106,0.2899886466781293,0.25320884331485316,0.03867747972551466,0.08858390517779165,0.2052401746724891,0.0676940420347879,0.1305806320160724,0.2644464730477972
deleted_by_filter_field_report,ctl_class_rarity,3633,1603,0.441233140655106,0.48082429794219106,0.33022234542489926,0.5003977607798942,0.03738417296836724,0.07948475514660013,0.20486962884441298,0.0756670604629927,0.09593082069042679,0.13645834114529498
deleted_by_filter_field_report,ctl_polygon_area,3633,1603,0.441233140655106,0.48082429794219106,0.26060446047508334,0.2456847067613109,0.053025577043044295,0.11166562694946974,0.22769806612601373,0.059799148948369095,0.1281725347720687,0.27234491598306926
deleted_by_filter_field_report,ctl_window_impurity,3633,1603,0.441233140655106,0.48082429794219106,0.26175966028089365,0.24533847072656587,0.050530255770430445,0.10710895332121836,0.23287453046813822,0.05363823553575268,0.12096545381432165,0.2661501675514734
matched_field,margin,3575,1341,0.3751048951048951,0.41733117270971637,0.12840470541825905,0.14787371813727995,0.0924683072334079,0.18269947800149142,0.33184190902311705,0.08273625617938014,0.1635434832055563,0.29838014900238086
matched_field,one_minus_top1,3575,1341,0.3751048951048951,0.41733117270971637,0.13744766964023522,0.16661009133753663,0.09545115585384041,0.1789709172259508,0.33855331841909025,0.09162787517844417,0.1664230732039451,0.3144026210211597
matched_field,entropy,3575,1341,0.3751048951048951,0.41733117270971637,0.1644021551312185,0.21022563202396333,0.08575689783743475,0.1703952274422073,0.3303504847129008,0.08117321891944906,0.16077541341873144,0.31715517940780696
matched_field,boundary_first,3575,1341,0.3751048951048951,0.41733117270971637,0.13253002555080245,0.14755461276698717,0.09321401938851603,0.18419090231170768,0.3378076062639821,0.08319899823622606,0.1645676793486171,0.3060199160148059
matched_field,boundary_only,3575,1341,0.3751048951048951,0.41733117270971637,0.16845834260330572,0.17757419256869456,0.09697963418418629,0.1827430232368262,0.3315512076745156,0.09570727010546054,0.1805108486788357,0.32797692777711174
matched_field,ctl_pixel_variance,3575,1341,0.3751048951048951,0.41733117270971637,0.2405554913892158,0.23903347124001612,0.05741983594332588,0.11409395973154363,0.23788217747949292,0.07478523192538884,0.15155268297033292,0.28514050654323314
matched_field,ctl_class_rarity,3575,1341,0.3751048951048951,0.41733117270971637,0.30499891932544865,0.5051949125600442,0.039037327817877394,0.0909344440200554,0.17720530835284934,0.10801855091220977,0.13046801502839697,0.1559957003688676
matched_field,ctl_polygon_area,3575,1341,0.3751048951048951,0.41733117270971637,0.20867589019418767,0.20807951758812882,0.06263982102908278,0.13049962714392244,0.2595078299776286,0.07332146155901792,0.151608901284216,0.3164926182279507
matched_field,ctl_window_impurity,3575,1341,0.3751048951048951,0.41733117270971637,0.21020829425296442,0.22046298493064193,0.05929987081324638,0.12649871932042928,0.26348496147153866,0.06611509797688132,0.15250191750559,0.31028934442635847
matched_photo,margin,2264,1431,0.6320671378091873,0.6087074022911618,0.2708557381898927,0.2506293794537775,0.06219426974143955,0.12159329140461216,0.24109014675052412,0.06521683851960618,0.1296028153265454,0.2530915955179667
matched_photo,one_minus_top1,2264,1431,0.6320671378091873,0.6087074022911618,0.26906753287365937,0.2507978610812447,0.06219426974143955,0.1243885394828791,0.24528301886792453,0.06838958816458206,0.13312819412094096,0.2587063650366145
matched_photo,entropy,2264,1431,0.6320671378091873,0.6087074022911618,0.2770682018830015,0.2616208722865757,0.06359189378057302,0.11949685534591195,0.2348008385744235,0.06819065577089753,0.13252937222236563,0.2505593487211371
matched_photo,boundary_first,2264,1431,0.6320671378091873,0.6087074022911618,0.23431737627439525,0.21202332760032033,0.06289308176100629,0.12368972746331237,0.2431865828092243,0.06564976787644014,0.13107047019827717,0.2558699829747603
matched_photo,boundary_only,2264,1431,0.6320671378091873,0.6087074022911618,0.23157347357018415,0.20901546991968756,0.06920207478272852,0.13552246155628694,0.26107211942596137,0.07388040015120624,0.145156209697482,0.27462207845265635
matched_photo,ctl_pixel_variance,2264,1431,0.6320671378091873,0.6087074022911618,0.2736851605182371,0.2296453996418969,0.0517120894479385,0.1069182389937107,0.2180293501048218,0.06101724264865417,0.11806314699704477,0.24574536050892032
matched_photo,ctl_class_rarity,2264,1431,0.6320671378091873,0.6087074022911618,0.43674123246859187,0.47168037746033953,0.05997240588435557,0.12849463102268627,0.23484718835123147,0.07169542211686508,0.14519601664922274,0.2636284794785277
matched_photo,ctl_polygon_area,2264,1431,0.6320671378091873,0.6087074022911618,0.288524781534493,0.26015366126414696,0.05241090146750524,0.10761705101327743,0.206848357791754,0.05063875321818117,0.10979393757524683,0.2053367736391171
matched_photo,ctl_window_impurity,2264,1431,0.6320671378091873,0.6087074022911618,0.3450944606124252,0.324980470506232,0.04058987571595577,0.08117975143191154,0.1627187053037873,0.038904792893379385,0.07780958578675877,0.15561917157351754
matched_highpurity_field,margin,1455,385,0.2646048109965636,0.30685431819533876,0.08066341394409354,0.09901947263233259,0.12467532467532468,0.22857142857142856,0.412987012987013,0.1063600195128928,0.1989189899866642,0.36845494600046286
matched_highpurity_field,one_minus_top1,1455,385,0.2646048109965636,0.30685431819533876,0.10808226659498982,0.14045033159191095,0.11428571428571428,0.21298701298701297,0.38441558441558443,0.11077258224526315,0.19168133107860177,0.35623093121601684
matched_highpurity_field,entropy,1455,385,0.2646048109965636,0.30685431819533876,0.15533285977044603,0.21300201795564155,0.1038961038961039,0.2077922077922078,0.34545454545454546,0.09565683410895776,0.19873888073007856,0.32084897016090236
matched_highpurity_field,boundary_first,1455,385,0.2646048109965636,0.30685431819533876,0.0903469008141812,0.11299321695028976,0.12987012987012986,0.23116883116883116,0.41818181818181815,0.10774990699847659,0.198159672924828,0.3737060919676034
matched_highpurity_field,boundary_only,1455,385,0.2646048109965636,0.30685431819533876,0.13213313706035257,0.15961955064047312,0.14187590187590188,0.23697478991596638,0.3993031358885018,0.12273605979559746,0.2091361133841274,0.3628631874098977
matched_highpurity_field,ctl_pixel_variance,1455,385,0.2646048109965636,0.30685431819533876,0.23099265400694716,0.2590605759406206,0.06753246753246753,0.13246753246753246,0.21298701298701297,0.07595091114514754,0.1295264616012085,0.22428321181434963
matched_highpurity_field,ctl_class_rarity,1455,385,0.2646048109965636,0.30685431819533876,0.2658349837437068,0.41615288250899735,0.08308225108225109,0.1343970315398887,0.22048237476808905,0.12065806542117202,0.1516519780577531,0.21363980333091517
matched_highpurity_field,ctl_polygon_area,1455,385,0.2646048109965636,0.30685431819533876,0.2057631512399868,0.2200836623998193,0.07272727272727272,0.11688311688311688,0.21298701298701297,0.058695613015371566,0.11668731524124569,0.20209426477051665
matched_highpurity_field,ctl_window_impurity,1455,385,0.2646048109965636,0.30685431819533876,0.2100147139246888,0.24270247575687998,0.05636363636363636,0.11168831168831168,0.23030303030303031,0.05432413617357222,0.1054821970833011,0.2261316273220327
matched_highpurity_photo,margin,204,91,0.44607843137254904,0.385384252811946,0.2043591122680868,0.14194597456600277,0.06593406593406594,0.14285714285714285,0.26373626373626374,0.07879487958897856,0.1775850560233516,0.3384627650762374
matched_highpurity_photo,one_minus_top1,204,91,0.44607843137254904,0.385384252811946,0.20558305014619008,0.1449474141731854,0.07692307692307693,0.15384615384615385,0.2967032967032967,0.096575099963744,0.195396584536652,0.36394151145786235
matched_highpurity_photo,entropy,204,91,0.44607843137254904,0.385384252811946,0.22327930018849626,0.17004361825801712,0.07692307692307693,0.14285714285714285,0.3076923076923077,0.11110846700677939,0.18993465473429286,0.3439462146124678
matched_highpurity_photo,boundary_first,204,91,0.44607843137254904,0.385384252811946,0.16643934276217912,0.11442946276979497,0.06593406593406594,0.14285714285714285,0.27472527472527475,0.07879487958897854,0.17758505602335156,0.35845806192163193
matched_highpurity_photo,boundary_only,204,91,0.44607843137254904,0.385384252811946,0.16377984098618134,0.13076194872653918,0.0967032967032967,0.16131868131868132,0.2905494505494505,0.1164078883915382,0.18623179147856803,0.30666240345138857
matched_highpurity_photo,ctl_pixel_variance,204,91,0.44607843137254904,0.385384252811946,0.19944192955974574,0.17807165065081199,0.04395604395604396,0.13186813186813187,0.2967032967032967,0.06766289680917191,0.17394347607531635,0.31632479644194744
matched_highpurity_photo,ctl_class_rarity,204,91,0.44607843137254904,0.385384252811946,0.22817154028973954,0.1001675787278221,0.08791208791208792,0.17182817182817184,0.32728141423793594,0.11508068636004519,0.2315256608672043,0.4363484921726441
matched_highpurity_photo,ctl_polygon_area,204,91,0.44607843137254904,0.385384252811946,0.23376602347055683,0.19282248559998078,0.07692307692307693,0.12087912087912088,0.24175824175824176,0.07460214820016717,0.16022208042065772,0.2878694474995772
matched_highpurity_photo,ctl_window_impurity,204,91,0.44607843137254904,0.385384252811946,0.2624813183202087,0.21451310701846021,0.06593406593406594,0.11813186813186813,0.27472527472527475,0.08360491079919442,0.14426682107325647,0.319247078958092
